Date,Latitude,Longitude,Sea_Surface_Temperature,HotSpots,Degree_Heating_Weeks,Bleaching_Alert_Area
03/12/2013,20.575,-157.700,24.1561,0.0000,0.0000,0
03/13/2013,20.575,-157.700,23.8270,0.0000,0.0000,0
03/14/2013,20.575,-157.700,24.2756,0.0000,0.0000,0
03/15/2013,20.575,-157.700,24.0892,0.0000,0.0000,0
03/16/2013,20.575,-157.700,24.2216,0.0000,0.0000,0
03/17/2013,20.575,-157.700,24.0805,0.0000,0.0000,0
03/18/2013,20.575,-157.700,24.0619,0.0000,0.0000,0
03/19/2013,20.575,-157.700,23.8976,0.0000,0.0000,0
03/20/2013,20.575,-157.700,24.4105,0.0000,0.0000,0
03/21/2013,20.575,-157.700,24.1047,0.0000,0.0000,0
03/22/2013,20.575,-157.700,24.3701,0.0000,0.0000,0
03/23/2013,20.575,-157.700,24.2929,0.0000,0.0000,0
03/24/2013,20.575,-157.700,24.6362,0.0000,0.0000,0
03/25/2013,20.575,-157.700,24.0006,0.0000,0.0000,0
03/26/2013,20.575,-157.700,24.2791,0.0000,0.0000,0
03/27/2013,20.575,-157.700,24.3665,0.0000,0.0000,0
03/28/2013,20.575,-157.700,24.6558,0.0000,0.0000,0
03/29/2013,20.575,-157.700,24.0007,0.0000,0.0000,0
03/30/2013,20.575,-157.700,24.1258,0.0000,0.0000,0
03/31/2013,20.575,-157.700,24.3095,0.0000,0.0000,0
04/01/2013,20.575,-157.700,23.9627,0.0000,0.0000,0
04/02/2013,20.575,-157.700,23.9244,0.0000,0.0000,0
04/03/2013,20.575,-157.700,24.2705,0.0000,0.0000,0
04/04/2013,20.575,-157.700,24.0236,0.0000,0.0000,0
04/05/2013,20.575,-157.700,24.3268,0.0000,0.0000,0
04/06/2013,20.575,-157.700,24.4199,0.0000,0.0000,0
04/07/2013,20.575,-157.700,24.2617,0.0000,0.0000,0
04/08/2013,20.575,-157.700,24.5564,0.0000,0.0000,0
04/09/2013,20.575,-157.700,24.3393,0.0000,0.0000,0
04/10/2013,20.575,-157.700,24.1219,0.0000,0.0000,0
04/11/2013,20.575,-157.700,24.3680,0.0000,0.0000,0
04/12/2013,20.575,-157.700,24.7976,0.0000,0.0000,0
04/13/2013,20.575,-157.700,24.5303,0.0000,0.0000,0
04/14/2013,20.575,-157.700,24.4770,0.0000,0.0000,0
04/15/2013,20.575,-157.700,24.5022,0.0000,0.0000,0
04/16/2013,20.575,-157.700,24.9929,0.0000,0.0000,0
04/17/2013,20.575,-157.700,24.8477,0.0000,0.0000,0
04/18/2013,20.575,-157.700,24.7183,0.0000,0.0000,0
04/19/2013,20.575,-157.700,25.2241,0.0000,0.0000,0
04/20/2013,20.575,-157.700,24.7119,0.0000,0.0000,0
04/21/2013,20.575,-157.700,24.6799,0.0000,0.0000,0
04/22/2013,20.575,-157.700,24.9111,0.0000,0.0000,0
04/23/2013,20.575,-157.700,24.9573,0.0000,0.0000,0
04/24/2013,20.575,-157.700,25.5107,0.0000,0.0000,0
04/25/2013,20.575,-157.700,25.3046,0.0000,0.0000,0
04/26/2013,20.575,-157.700,25.1536,0.0000,0.0000,0
04/27/2013,20.575,-157.700,25.2550,0.0000,0.0000,0
04/28/2013,20.575,-157.700,25.4370,0.0000,0.0000,0
04/29/2013,20.575,-157.700,25.3016,0.0000,0.0000,0
04/30/2013,20.575,-157.700,25.5297,0.0000,0.0000,0
05/01/2013,20.575,-157.700,25.6091,0.0000,0.0000,0
05/02/2013,20.575,-157.700,25.2857,0.0000,0.0000,0
05/03/2013,20.575,-157.700,25.1895,0.0000,0.0000,0
05/04/2013,20.575,-157.700,25.0623,0.0000,0.0000,0
05/05/2013,20.575,-157.700,25.1036,0.0000,0.0000,0
05/06/2013,20.575,-157.700,25.3954,0.0000,0.0000,0
05/07/2013,20.575,-157.700,25.2741,0.0000,0.0000,0
05/08/2013,20.575,-157.700,26.0358,0.0000,0.0000,0
05/09/2013,20.575,-157.700,25.9226,0.0000,0.0000,0
05/10/2013,20.575,-157.700,26.2447,0.0000,0.0000,0
05/11/2013,20.575,-157.700,26.1261,0.0000,0.0000,0
05/12/2013,20.575,-157.700,26.2528,0.0000,0.0000,0
05/13/2013,20.575,-157.700,26.4580,0.0000,0.0000,0
05/14/2013,20.575,-157.700,26.2414,0.0000,0.0000,0
05/15/2013,20.575,-157.700,26.2279,0.0000,0.0000,0
05/16/2013,20.575,-157.700,26.1642,0.0000,0.0000,0
05/17/2013,20.575,-157.700,25.8061,0.0000,0.0000,0
05/18/2013,20.575,-157.700,25.9802,0.0000,0.0000,0
05/19/2013,20.575,-157.700,25.6878,0.0000,0.0000,0
05/20/2013,20.575,-157.700,25.5630,0.0000,0.0000,0
05/21/2013,20.575,-157.700,26.2739,0.0000,0.0000,0
05/22/2013,20.575,-157.700,26.1526,0.0000,0.0000,0
05/23/2013,20.575,-157.700,26.2111,0.0000,0.0000,0
05/24/2013,20.575,-157.700,26.7717,0.0000,0.0000,0
05/25/2013,20.575,-157.700,26.6027,0.0000,0.0000,0
05/26/2013,20.575,-157.700,26.0948,0.0000,0.0000,0
05/27/2013,20.575,-157.700,26.0786,0.0000,0.0000,0
05/28/2013,20.575,-157.700,25.8173,0.0000,0.0000,0
05/29/2013,20.575,-157.700,25.9087,0.0000,0.0000,0
05/30/2013,20.575,-157.700,26.5219,0.0000,0.0000,0
05/31/2013,20.575,-157.700,26.5638,0.0000,0.0000,0
06/01/2013,20.575,-157.700,26.4317,0.0000,0.0000,0
06/02/2013,20.575,-157.700,26.4906,0.0000,0.0000,0
06/03/2013,20.575,-157.700,25.9172,0.0000,0.0000,0
06/04/2013,20.575,-157.700,25.8556,0.0000,0.0000,0
06/05/2013,20.575,-157.700,26.1389,0.0000,0.0000,0
06/06/2013,20.575,-157.700,26.0811,0.0000,0.0000,0
06/07/2013,20.575,-157.700,25.9335,0.0000,0.0000,0
06/08/2013,20.575,-157.700,25.9306,0.0000,0.0000,0
06/09/2013,20.575,-157.700,25.4179,0.0000,0.0000,0
06/10/2013,20.575,-157.700,26.1213,0.0000,0.0000,0
06/11/2013,20.575,-157.700,25.5662,0.0000,0.0000,0
06/12/2013,20.575,-157.700,25.6795,0.0000,0.0000,0
06/13/2013,20.575,-157.700,26.3398,0.0000,0.0000,0
06/14/2013,20.575,-157.700,25.9981,0.0000,0.0000,0
06/15/2013,20.575,-157.700,26.0733,0.0000,0.0000,0
06/16/2013,20.575,-157.700,26.0883,0.0000,0.0000,0
06/17/2013,20.575,-157.700,26.1815,0.0000,0.0000,0
06/18/2013,20.575,-157.700,26.0309,0.0000,0.0000,0
06/19/2013,20.575,-157.700,26.2175,0.0000,0.0000,0
06/20/2013,20.575,-157.700,26.2565,0.0000,0.0000,0
06/21/2013,20.575,-157.700,26.2920,0.0000,0.0000,0
06/22/2013,20.575,-157.700,26.1478,0.0000,0.0000,0
06/23/2013,20.575,-157.700,25.8620,0.0000,0.0000,0
06/24/2013,20.575,-157.700,26.3016,0.0000,0.0000,0
06/25/2013,20.575,-157.700,26.3647,0.0000,0.0000,0
06/26/2013,20.575,-157.700,25.8754,0.0000,0.0000,0
06/27/2013,20.575,-157.700,26.3085,0.0000,0.0000,0
06/28/2013,20.575,-157.700,26.3270,0.0000,0.0000,0
06/29/2013,20.575,-157.700,25.8341,0.0000,0.0000,0
06/30/2013,20.575,-157.700,26.0828,0.0000,0.0000,0
07/01/2013,20.575,-157.700,26.4413,0.0000,0.0000,0
07/02/2013,20.575,-157.700,26.3541,0.0000,0.0000,0
07/03/2013,20.575,-157.700,25.5081,0.0000,0.0000,0
07/04/2013,20.575,-157.700,26.0421,0.0000,0.0000,0
07/05/2013,20.575,-157.700,26.3664,0.0000,0.0000,0
07/06/2013,20.575,-157.700,26.5739,0.0000,0.0000,0
07/07/2013,20.575,-157.700,26.6458,0.0000,0.0000,0
07/08/2013,20.575,-157.700,26.2720,0.0000,0.0000,0
07/09/2013,20.575,-157.700,26.7528,0.0000,0.0000,0
07/10/2013,20.575,-157.700,26.6980,0.0000,0.0000,0
07/11/2013,20.575,-157.700,26.5004,0.0000,0.0000,0
07/12/2013,20.575,-157.700,26.6440,0.0000,0.0000,0
07/13/2013,20.575,-157.700,26.2158,0.0000,0.0000,0
07/14/2013,20.575,-157.700,26.4739,0.0000,0.0000,0
07/15/2013,20.575,-157.700,26.6878,0.0000,0.0000,0
07/16/2013,20.575,-157.700,26.4171,0.0000,0.0000,0
07/17/2013,20.575,-157.700,26.0946,0.0000,0.0000,0
07/18/2013,20.575,-157.700,26.3747,0.0000,0.0000,0
07/19/2013,20.575,-157.700,26.3709,0.0000,0.0000,0
07/20/2013,20.575,-157.700,26.4258,0.0000,0.0000,0
07/21/2013,20.575,-157.700,26.5951,0.0000,0.0000,0
07/22/2013,20.575,-157.700,26.0952,0.0000,0.0000,0
07/23/2013,20.575,-157.700,26.6362,0.0000,0.0000,0
07/24/2013,20.575,-157.700,26.8515,0.0000,0.0000,0
07/25/2013,20.575,-157.700,26.7527,0.0000,0.0000,0
07/26/2013,20.575,-157.700,26.9015,0.0000,0.0000,0
07/27/2013,20.575,-157.700,26.8747,0.0000,0.0000,0
07/28/2013,20.575,-157.700,27.2997,0.1543,0.0000,1
07/29/2013,20.575,-157.700,27.3306,0.1558,0.0000,1
07/30/2013,20.575,-157.700,27.1415,0.0000,0.0000,1
07/31/2013,20.575,-157.700,27.2024,0.0000,0.0000,1
08/01/2013,20.575,-157.700,27.4836,0.3531,0.0000,1
08/02/2013,20.575,-157.700,28.1112,0.7884,0.0000,1
08/03/2013,20.575,-157.700,27.9312,0.7402,0.0000,1
08/04/2013,20.575,-157.700,27.7777,0.4142,0.0000,1
08/05/2013,20.575,-157.700,27.6211,0.4323,0.0000,1
08/06/2013,20.575,-157.700,27.4903,0.2816,0.0000,1
08/07/2013,20.575,-157.700,27.5229,0.4411,0.0000,1
08/08/2013,20.575,-157.700,27.5843,0.3912,0.0000,1
08/09/2013,20.575,-157.700,27.6422,0.4230,0.0000,1
08/10/2013,20.575,-157.700,27.6251,0.4402,0.0000,1
08/11/2013,20.575,-157.700,27.4223,0.2929,0.0000,1
08/12/2013,20.575,-157.700,27.5485,0.4226,0.0000,1
08/13/2013,20.575,-157.700,27.7128,0.5157,0.0000,1
08/14/2013,20.575,-157.700,27.6058,0.3063,0.0000,1
08/15/2013,20.575,-157.700,27.6809,0.4921,0.0000,1
08/16/2013,20.575,-157.700,27.3724,0.1228,0.0000,1
08/17/2013,20.575,-157.700,27.6888,0.3487,0.0000,1
08/18/2013,20.575,-157.700,27.3831,0.0513,0.0000,1
08/19/2013,20.575,-157.700,27.0327,0.0000,0.0000,1
08/20/2013,20.575,-157.700,27.1783,0.0000,0.0000,1
08/21/2013,20.575,-157.700,26.9834,0.0000,0.0000,1
08/22/2013,20.575,-157.700,27.7488,0.3945,0.0000,1
08/23/2013,20.575,-157.700,27.6036,0.3534,0.0000,1
08/24/2013,20.575,-157.700,27.5351,0.2840,0.0000,1
08/25/2013,20.575,-157.700,27.4801,0.2713,0.0000,1
08/26/2013,20.575,-157.700,27.3239,0.1714,0.0000,1
08/27/2013,20.575,-157.700,27.2160,0.1268,0.0000,1
08/28/2013,20.575,-157.700,27.3273,0.1329,0.0000,1
08/29/2013,20.575,-157.700,26.8967,0.0357,0.0000,1
08/30/2013,20.575,-157.700,27.3173,0.2302,0.0000,1
08/31/2013,20.575,-157.700,27.4619,0.3739,0.0000,1
09/01/2013,20.575,-157.700,27.5134,0.3150,0.0000,1
09/02/2013,20.575,-157.700,27.5099,0.3753,0.0000,1
09/03/2013,20.575,-157.700,27.5942,0.2840,0.0000,1
09/04/2013,20.575,-157.700,27.0493,0.3228,0.0000,1
09/05/2013,20.575,-157.700,27.1181,0.3218,0.0000,1
09/06/2013,20.575,-157.700,27.1870,0.4151,0.0000,1
09/07/2013,20.575,-157.700,27.5048,0.3573,0.0000,1
09/08/2013,20.575,-157.700,27.4894,0.4718,0.0000,1
09/09/2013,20.575,-157.700,27.6093,0.4060,0.0000,1
09/10/2013,20.575,-157.700,27.6452,0.4890,0.0000,1
09/11/2013,20.575,-157.700,27.7477,0.5184,0.0000,1
09/12/2013,20.575,-157.700,27.5904,0.4536,0.0000,1
09/13/2013,20.575,-157.700,27.3973,0.1908,0.0000,1
09/14/2013,20.575,-157.700,27.3396,0.2123,0.0000,1
09/15/2013,20.575,-157.700,27.5809,0.2087,0.0000,1
09/16/2013,20.575,-157.700,27.0895,0.1572,0.0000,1
09/17/2013,20.575,-157.700,26.8490,0.1973,0.0000,1
09/18/2013,20.575,-157.700,26.9730,0.1765,0.0000,1
09/19/2013,20.575,-157.700,26.9966,0.2220,0.0000,1
09/20/2013,20.575,-157.700,27.4459,0.2693,0.0000,1
09/21/2013,20.575,-157.700,27.0015,0.3042,0.0000,1
09/22/2013,20.575,-157.700,26.8782,0.1818,0.0000,1
09/23/2013,20.575,-157.700,27.3524,0.2265,0.0000,1
09/24/2013,20.575,-157.700,26.8946,0.0743,0.0000,1
09/25/2013,20.575,-157.700,27.1985,0.1036,0.0000,1
09/26/2013,20.575,-157.700,26.8404,0.0917,0.0000,1
09/27/2013,20.575,-157.700,26.8232,0.1207,0.0000,1
09/28/2013,20.575,-157.700,27.3267,0.2085,0.0000,1
09/29/2013,20.575,-157.700,27.2187,0.1123,0.0000,1
09/30/2013,20.575,-157.700,27.2658,0.1082,0.0000,1
10/01/2013,20.575,-157.700,27.1988,0.0682,0.0000,1
10/02/2013,20.575,-157.700,26.8626,0.1550,0.0000,1
10/03/2013,20.575,-157.700,26.8604,0.1160,0.0000,1
10/04/2013,20.575,-157.700,26.8541,0.1577,0.0000,1
10/05/2013,20.575,-157.700,26.7126,0.0681,0.0000,1
10/06/2013,20.575,-157.700,26.8826,0.0623,0.0000,1
10/07/2013,20.575,-157.700,27.2254,0.0502,0.0000,1
10/08/2013,20.575,-157.700,26.6881,0.0911,0.0000,1
10/09/2013,20.575,-157.700,27.0406,0.0000,0.0000,1
10/10/2013,20.575,-157.700,27.1250,0.0000,0.0000,1
10/11/2013,20.575,-157.700,26.9709,0.0000,0.0000,1
10/12/2013,20.575,-157.700,26.8802,0.0000,0.0000,1
10/13/2013,20.575,-157.700,26.9717,0.0000,0.0000,1
10/14/2013,20.575,-157.700,27.1306,0.0000,0.0000,1
10/15/2013,20.575,-157.700,26.6151,0.0000,0.0000,0
10/16/2013,20.575,-157.700,26.5099,0.0000,0.0000,0
10/17/2013,20.575,-157.700,27.9909,0.8688,0.0000,1
10/18/2013,20.575,-157.700,27.8140,0.6808,0.0000,1
10/19/2013,20.575,-157.700,27.8776,0.6456,0.0000,1
10/20/2013,20.575,-157.700,27.5158,0.2808,0.0000,1
10/21/2013,20.575,-157.700,27.3886,0.2261,0.0000,1
10/22/2013,20.575,-157.700,26.9910,0.0013,0.0000,1
10/23/2013,20.575,-157.700,27.3740,0.0611,0.0000,1
10/24/2013,20.575,-157.700,27.1833,0.0000,0.0000,1
10/25/2013,20.575,-157.700,27.3260,0.1360,0.0000,1
10/26/2013,20.575,-157.700,27.4297,0.2499,0.0000,1
10/27/2013,20.575,-157.700,27.6662,0.5315,0.0000,1
10/28/2013,20.575,-157.700,27.6995,0.5762,0.0000,1
10/29/2013,20.575,-157.700,27.8165,0.6399,0.0000,1
10/30/2013,20.575,-157.700,27.8721,0.6666,0.0000,1
10/31/2013,20.575,-157.700,27.9445,0.7925,0.0000,1
11/01/2013,20.575,-157.700,27.9980,0.8131,0.0000,1
11/02/2013,20.575,-157.700,27.6520,0.4881,0.0000,1
11/03/2013,20.575,-157.700,27.3942,0.2387,0.0000,1
11/04/2013,20.575,-157.700,27.1463,0.0000,0.0000,1
11/05/2013,20.575,-157.700,26.9219,0.0000,0.0000,1
11/06/2013,20.575,-157.700,27.0778,0.0000,0.0000,1
11/07/2013,20.575,-157.700,27.0927,0.0000,0.0000,1
11/08/2013,20.575,-157.700,26.5232,0.0000,0.0000,1
11/09/2013,20.575,-157.700,27.0678,0.0048,0.0000,1
11/10/2013,20.575,-157.700,27.1477,0.0000,0.0000,1
11/11/2013,20.575,-157.700,26.9677,0.0000,0.0000,1
11/12/2013,20.575,-157.700,26.0950,0.0000,0.0000,1
11/13/2013,20.575,-157.700,26.6548,0.0000,0.0000,1
11/14/2013,20.575,-157.700,26.1151,0.0000,0.0000,1
11/15/2013,20.575,-157.700,26.2041,0.0000,0.0000,1
11/16/2013,20.575,-157.700,26.5279,0.0000,0.0000,0
11/17/2013,20.575,-157.700,26.2076,0.0000,0.0000,0
11/18/2013,20.575,-157.700,26.7978,0.0000,0.0000,0
11/19/2013,20.575,-157.700,26.9126,0.0000,0.0000,0
11/20/2013,20.575,-157.700,26.1461,0.0000,0.0000,0
11/21/2013,20.575,-157.700,26.1832,0.0000,0.0000,0
11/22/2013,20.575,-157.700,26.2293,0.0000,0.0000,0
11/23/2013,20.575,-157.700,26.5807,0.0000,0.0000,0
11/24/2013,20.575,-157.700,26.0543,0.0000,0.0000,0
11/25/2013,20.575,-157.700,26.1716,0.0000,0.0000,0
11/26/2013,20.575,-157.700,26.0867,0.0000,0.0000,0
11/27/2013,20.575,-157.700,26.0052,0.0000,0.0000,0
11/28/2013,20.575,-157.700,26.0005,0.0000,0.0000,0
11/29/2013,20.575,-157.700,25.9669,0.0000,0.0000,0
11/30/2013,20.575,-157.700,25.9241,0.0000,0.0000,0
12/01/2013,20.575,-157.700,26.0905,0.0000,0.0000,0
12/02/2013,20.575,-157.700,25.8858,0.0000,0.0000,0
12/03/2013,20.575,-157.700,25.9377,0.0000,0.0000,0
12/04/2013,20.575,-157.700,26.1547,0.0000,0.0000,0
12/05/2013,20.575,-157.700,25.7650,0.0000,0.0000,0
12/06/2013,20.575,-157.700,26.2277,0.0000,0.0000,0
12/07/2013,20.575,-157.700,25.6931,0.0000,0.0000,0
12/08/2013,20.575,-157.700,26.4120,0.0000,0.0000,0
12/09/2013,20.575,-157.700,26.3045,0.0000,0.0000,0
12/10/2013,20.575,-157.700,26.3310,0.0000,0.0000,0
12/11/2013,20.575,-157.700,25.9162,0.0000,0.0000,0
12/12/2013,20.575,-157.700,26.4365,0.0000,0.0000,0
12/13/2013,20.575,-157.700,25.9548,0.0000,0.0000,0
12/14/2013,20.575,-157.700,26.1965,0.0000,0.0000,0
12/15/2013,20.575,-157.700,26.1086,0.0000,0.0000,0
12/16/2013,20.575,-157.700,25.6824,0.0000,0.0000,0
12/17/2013,20.575,-157.700,25.6143,0.0000,0.0000,0
12/18/2013,20.575,-157.700,26.3163,0.0000,0.0000,0
12/19/2013,20.575,-157.700,25.7648,0.0000,0.0000,0
12/20/2013,20.575,-157.700,26.2080,0.0000,0.0000,0
12/21/2013,20.575,-157.700,26.1490,0.0000,0.0000,0
12/22/2013,20.575,-157.700,25.7725,0.0000,0.0000,0
12/23/2013,20.575,-157.700,25.8293,0.0000,0.0000,0
12/24/2013,20.575,-157.700,25.8403,0.0000,0.0000,0
12/25/2013,20.575,-157.700,25.5719,0.0000,0.0000,0
12/26/2013,20.575,-157.700,25.9279,0.0000,0.0000,0
12/27/2013,20.575,-157.700,25.4795,0.0000,0.0000,0
12/28/2013,20.575,-157.700,25.2082,0.0000,0.0000,0
12/29/2013,20.575,-157.700,25.5877,0.0000,0.0000,0
12/30/2013,20.575,-157.700,25.2721,0.0000,0.0000,0
12/31/2013,20.575,-157.700,25.1970,0.0000,0.0000,0
01/01/2014,20.575,-157.700,25.4515,0.0000,0.0000,0
01/02/2014,20.575,-157.700,25.7385,0.0000,0.0000,0
01/03/2014,20.575,-157.700,25.3118,0.0000,0.0000,0
01/04/2014,20.575,-157.700,25.2619,0.0000,0.0000,0
01/05/2014,20.575,-157.700,25.3076,0.0000,0.0000,0
01/06/2014,20.575,-157.700,25.6087,0.0000,0.0000,0
01/07/2014,20.575,-157.700,25.7121,0.0000,0.0000,0
01/08/2014,20.575,-157.700,25.1520,0.0000,0.0000,0
01/09/2014,20.575,-157.700,25.4148,0.0000,0.0000,0
01/10/2014,20.575,-157.700,25.0977,0.0000,0.0000,0
01/11/2014,20.575,-157.700,25.3233,0.0000,0.0000,0
01/12/2014,20.575,-157.700,24.8665,0.0000,0.0000,0
01/13/2014,20.575,-157.700,25.3365,0.0000,0.0000,0
01/14/2014,20.575,-157.700,24.8469,0.0000,0.0000,0
01/15/2014,20.575,-157.700,25.2939,0.0000,0.0000,0
01/16/2014,20.575,-157.700,25.2233,0.0000,0.0000,0
01/17/2014,20.575,-157.700,25.0548,0.0000,0.0000,0
01/18/2014,20.575,-157.700,25.2887,0.0000,0.0000,0
01/19/2014,20.575,-157.700,25.6634,0.0000,0.0000,0
01/20/2014,20.575,-157.700,25.4433,0.0000,0.0000,0
01/21/2014,20.575,-157.700,25.5672,0.0000,0.0000,0
01/22/2014,20.575,-157.700,25.4716,0.0000,0.0000,0
01/23/2014,20.575,-157.700,25.1963,0.0000,0.0000,0
01/24/2014,20.575,-157.700,24.6539,0.0000,0.0000,0
01/25/2014,20.575,-157.700,24.6486,0.0000,0.0000,0
01/26/2014,20.575,-157.700,24.8022,0.0000,0.0000,0
01/27/2014,20.575,-157.700,24.8083,0.0000,0.0000,0
01/28/2014,20.575,-157.700,25.3247,0.0000,0.0000,0
01/29/2014,20.575,-157.700,24.8116,0.0000,0.0000,0
01/30/2014,20.575,-157.700,24.7322,0.0000,0.0000,0
01/31/2014,20.575,-157.700,25.1625,0.0000,0.0000,0
02/01/2014,20.575,-157.700,24.8172,0.0000,0.0000,0
02/02/2014,20.575,-157.700,24.9186,0.0000,0.0000,0
02/03/2014,20.575,-157.700,25.2058,0.0000,0.0000,0
02/04/2014,20.575,-157.700,25.3135,0.0000,0.0000,0
02/05/2014,20.575,-157.700,24.8052,0.0000,0.0000,0
02/06/2014,20.575,-157.700,25.0506,0.0000,0.0000,0
02/07/2014,20.575,-157.700,25.0281,0.0000,0.0000,0
02/08/2014,20.575,-157.700,24.9839,0.0000,0.0000,0
02/09/2014,20.575,-157.700,25.1052,0.0000,0.0000,0
02/10/2014,20.575,-157.700,25.2983,0.0000,0.0000,0
02/11/2014,20.575,-157.700,25.4297,0.0000,0.0000,0
02/12/2014,20.575,-157.700,25.2759,0.0000,0.0000,0
02/13/2014,20.575,-157.700,24.9935,0.0000,0.0000,0
02/14/2014,20.575,-157.700,25.3010,0.0000,0.0000,0
02/15/2014,20.575,-157.700,25.3328,0.0000,0.0000,0
02/16/2014,20.575,-157.700,25.3634,0.0000,0.0000,0
02/17/2014,20.575,-157.700,24.9325,0.0000,0.0000,0
02/18/2014,20.575,-157.700,25.1478,0.0000,0.0000,0
02/19/2014,20.575,-157.700,25.0259,0.0000,0.0000,0
02/20/2014,20.575,-157.700,25.2183,0.0000,0.0000,0
02/21/2014,20.575,-157.700,25.0539,0.0000,0.0000,0
02/22/2014,20.575,-157.700,24.8641,0.0000,0.0000,0
02/23/2014,20.575,-157.700,25.2719,0.0000,0.0000,0
02/24/2014,20.575,-157.700,25.2236,0.0000,0.0000,0
02/25/2014,20.575,-157.700,25.4820,0.0000,0.0000,0
02/26/2014,20.575,-157.700,25.1017,0.0000,0.0000,0
02/27/2014,20.575,-157.700,25.1143,0.0000,0.0000,0
02/28/2014,20.575,-157.700,25.0433,0.0000,0.0000,0
03/01/2014,20.575,-157.700,25.5044,0.0000,0.0000,0
03/02/2014,20.575,-157.700,25.4030,0.0000,0.0000,0
03/03/2014,20.575,-157.700,25.0571,0.0000,0.0000,0
03/04/2014,20.575,-157.700,25.4227,0.0000,0.0000,0
03/05/2014,20.575,-157.700,25.2401,0.0000,0.0000,0
03/06/2014,20.575,-157.700,25.1531,0.0000,0.0000,0
03/07/2014,20.575,-157.700,25.0527,0.0000,0.0000,0
03/08/2014,20.575,-157.700,25.7929,0.0000,0.0000,0
03/09/2014,20.575,-157.700,24.9312,0.0000,0.0000,0
03/10/2014,20.575,-157.700,25.1173,0.0000,0.0000,0
03/11/2014,20.575,-157.700,25.6251,0.0000,0.0000,0
03/12/2014,20.575,-157.700,25.5530,0.0000,0.0000,0
03/13/2014,20.575,-157.700,25.7251,0.0000,0.0000,0
03/14/2014,20.575,-157.700,25.2982,0.0000,0.0000,0
03/15/2014,20.575,-157.700,25.1088,0.0000,0.0000,0
03/16/2014,20.575,-157.700,25.0149,0.0000,0.0000,0
03/17/2014,20.575,-157.700,24.8521,0.0000,0.0000,0
03/18/2014,20.575,-157.700,25.5288,0.0000,0.0000,0
03/19/2014,20.575,-157.700,24.9127,0.0000,0.0000,0
03/20/2014,20.575,-157.700,24.7298,0.0000,0.0000,0
03/21/2014,20.575,-157.700,24.7597,0.0000,0.0000,0
03/22/2014,20.575,-157.700,24.8263,0.0000,0.0000,0
03/23/2014,20.575,-157.700,25.0512,0.0000,0.0000,0
03/24/2014,20.575,-157.700,25.0734,0.0000,0.0000,0
03/25/2014,20.575,-157.700,25.2004,0.0000,0.0000,0
03/26/2014,20.575,-157.700,25.3500,0.0000,0.0000,0
03/27/2014,20.575,-157.700,25.4117,0.0000,0.0000,0
03/28/2014,20.575,-157.700,24.7473,0.0000,0.0000,0
03/29/2014,20.575,-157.700,25.2373,0.0000,0.0000,0
03/30/2014,20.575,-157.700,25.6656,0.0000,0.0000,0
03/31/2014,20.575,-157.700,25.4729,0.0000,0.0000,0
04/01/2014,20.575,-157.700,25.1222,0.0000,0.0000,0
04/02/2014,20.575,-157.700,25.6848,0.0000,0.0000,0
04/03/2014,20.575,-157.700,25.0184,0.0000,0.0000,0
04/04/2014,20.575,-157.700,25.4157,0.0000,0.0000,0
04/05/2014,20.575,-157.700,25.0239,0.0000,0.0000,0
04/06/2014,20.575,-157.700,24.7662,0.0000,0.0000,0
04/07/2014,20.575,-157.700,25.2704,0.0000,0.0000,0
04/08/2014,20.575,-157.700,25.2797,0.0000,0.0000,0
04/09/2014,20.575,-157.700,24.5190,0.0000,0.0000,0
04/10/2014,20.575,-157.700,24.6013,0.0000,0.0000,0
04/11/2014,20.575,-157.700,24.6066,0.0000,0.0000,0
04/12/2014,20.575,-157.700,24.8412,0.0000,0.0000,0
04/13/2014,20.575,-157.700,24.7872,0.0000,0.0000,0
04/14/2014,20.575,-157.700,24.9570,0.0000,0.0000,0
04/15/2014,20.575,-157.700,25.2104,0.0000,0.0000,0
04/16/2014,20.575,-157.700,25.3187,0.0000,0.0000,0
04/17/2014,20.575,-157.700,24.7416,0.0000,0.0000,0
04/18/2014,20.575,-157.700,25.0796,0.0000,0.0000,0
04/19/2014,20.575,-157.700,24.8597,0.0000,0.0000,0
04/20/2014,20.575,-157.700,25.1503,0.0000,0.0000,0
04/21/2014,20.575,-157.700,25.0270,0.0000,0.0000,0
04/22/2014,20.575,-157.700,24.8870,0.0000,0.0000,0
04/23/2014,20.575,-157.700,25.0375,0.0000,0.0000,0
04/24/2014,20.575,-157.700,25.0720,0.0000,0.0000,0
04/25/2014,20.575,-157.700,24.9733,0.0000,0.0000,0
04/26/2014,20.575,-157.700,25.4992,0.0000,0.0000,0
04/27/2014,20.575,-157.700,25.1030,0.0000,0.0000,0
04/28/2014,20.575,-157.700,25.0650,0.0000,0.0000,0
04/29/2014,20.575,-157.700,25.7449,0.0000,0.0000,0
04/30/2014,20.575,-157.700,25.4922,0.0000,0.0000,0
05/01/2014,20.575,-157.700,25.2812,0.0000,0.0000,0
05/02/2014,20.575,-157.700,25.1470,0.0000,0.0000,0
05/03/2014,20.575,-157.700,25.6783,0.0000,0.0000,0
05/04/2014,20.575,-157.700,25.4458,0.0000,0.0000,0
05/05/2014,20.575,-157.700,25.5945,0.0000,0.0000,0
05/06/2014,20.575,-157.700,25.8734,0.0000,0.0000,0
05/07/2014,20.575,-157.700,26.0970,0.0000,0.0000,0
05/08/2014,20.575,-157.700,25.4723,0.0000,0.0000,0
05/09/2014,20.575,-157.700,25.4088,0.0000,0.0000,0
05/10/2014,20.575,-157.700,25.8030,0.0000,0.0000,0
05/11/2014,20.575,-157.700,25.6996,0.0000,0.0000,0
05/12/2014,20.575,-157.700,25.9395,0.0000,0.0000,0
05/13/2014,20.575,-157.700,25.7685,0.0000,0.0000,0
05/14/2014,20.575,-157.700,25.6482,0.0000,0.0000,0
05/15/2014,20.575,-157.700,25.6074,0.0000,0.0000,0
05/16/2014,20.575,-157.700,25.7139,0.0000,0.0000,0
05/17/2014,20.575,-157.700,25.9198,0.0000,0.0000,0
05/18/2014,20.575,-157.700,25.9846,0.0000,0.0000,0
05/19/2014,20.575,-157.700,25.6081,0.0000,0.0000,0
05/20/2014,20.575,-157.700,25.6538,0.0000,0.0000,0
05/21/2014,20.575,-157.700,26.3980,0.0000,0.0000,0
05/22/2014,20.575,-157.700,26.4611,0.0000,0.0000,0
05/23/2014,20.575,-157.700,26.4522,0.0000,0.0000,0
05/24/2014,20.575,-157.700,26.2393,0.0000,0.0000,0
05/25/2014,20.575,-157.700,26.2560,0.0000,0.0000,0
05/26/2014,20.575,-157.700,26.0338,0.0000,0.0000,0
05/27/2014,20.575,-157.700,25.9601,0.0000,0.0000,0
05/28/2014,20.575,-157.700,26.5004,0.0000,0.0000,0
05/29/2014,20.575,-157.700,26.0921,0.0000,0.0000,0
05/30/2014,20.575,-157.700,26.4322,0.0000,0.0000,0
05/31/2014,20.575,-157.700,25.9443,0.0000,0.0000,0
06/01/2014,20.575,-157.700,26.4388,0.0000,0.0000,0
06/02/2014,20.575,-157.700,26.0698,0.0000,0.0000,0
06/03/2014,20.575,-157.700,26.7636,0.0000,0.0000,0
06/04/2014,20.575,-157.700,26.7013,0.0000,0.0000,0
06/05/2014,20.575,-157.700,26.2086,0.0000,0.0000,0
06/06/2014,20.575,-157.700,26.4438,0.0000,0.0000,0
06/07/2014,20.575,-157.700,26.5779,0.0000,0.0000,0
06/08/2014,20.575,-157.700,26.5683,0.0000,0.0000,0
06/09/2014,20.575,-157.700,26.5922,0.0000,0.0000,0
06/10/2014,20.575,-157.700,26.5278,0.0000,0.0000,0
06/11/2014,20.575,-157.700,26.6832,0.0000,0.0000,0
06/12/2014,20.575,-157.700,26.6808,0.0000,0.0000,0
06/13/2014,20.575,-157.700,26.6808,0.0000,0.0000,0
06/14/2014,20.575,-157.700,26.6808,0.0000,0.0000,0
06/15/2014,20.575,-157.700,26.6808,0.0000,0.0000,0
06/16/2014,20.575,-157.700,26.4047,0.0000,0.0000,0
06/17/2014,20.575,-157.700,26.1849,0.0000,0.0000,0
06/18/2014,20.575,-157.700,26.5685,0.0000,0.0000,0
06/19/2014,20.575,-157.700,26.2073,0.0000,0.0000,0
06/20/2014,20.575,-157.700,26.6547,0.0000,0.0000,0
06/21/2014,20.575,-157.700,26.0601,0.0000,0.0000,0
06/22/2014,20.575,-157.700,26.4133,0.0000,0.0000,0
06/23/2014,20.575,-157.700,26.6788,0.0000,0.0000,0
06/24/2014,20.575,-157.700,26.3516,0.0000,0.0000,0
06/25/2014,20.575,-157.700,26.4493,0.0000,0.0000,0
06/26/2014,20.575,-157.700,26.3050,0.0000,0.0000,0
06/27/2014,20.575,-157.700,26.1622,0.0000,0.0000,0
06/28/2014,20.575,-157.700,26.6156,0.0000,0.0000,0
06/29/2014,20.575,-157.700,26.2384,0.0000,0.0000,0
06/30/2014,20.575,-157.700,26.8951,0.0000,0.0000,0
07/01/2014,20.575,-157.700,26.8820,0.0000,0.0000,0
07/02/2014,20.575,-157.700,26.6832,0.0000,0.0000,0
07/03/2014,20.575,-157.700,26.5428,0.0000,0.0000,0
07/04/2014,20.575,-157.700,26.3130,0.0000,0.0000,0
07/05/2014,20.575,-157.700,26.4897,0.0000,0.0000,0
07/06/2014,20.575,-157.700,26.1405,0.0000,0.0000,0
07/07/2014,20.575,-157.700,26.6559,0.0000,0.0000,0
07/08/2014,20.575,-157.700,26.2366,0.0000,0.0000,0
07/09/2014,20.575,-157.700,26.3176,0.0000,0.0000,0
07/10/2014,20.575,-157.700,26.2181,0.0000,0.0000,0
07/11/2014,20.575,-157.700,26.3723,0.0000,0.0000,0
07/12/2014,20.575,-157.700,26.4584,0.0000,0.0000,0
07/13/2014,20.575,-157.700,26.1713,0.0000,0.0000,0
07/14/2014,20.575,-157.700,26.4038,0.0000,0.0000,0
07/15/2014,20.575,-157.700,26.3452,0.0000,0.0000,0
07/16/2014,20.575,-157.700,26.6320,0.0000,0.0000,0
07/17/2014,20.575,-157.700,26.4636,0.0000,0.0000,0
07/18/2014,20.575,-157.700,26.9190,0.0000,0.0000,0
07/19/2014,20.575,-157.700,27.1158,0.0000,0.0000,0
07/20/2014,20.575,-157.700,27.0092,0.0000,0.0000,0
07/21/2014,20.575,-157.700,27.1157,0.0000,0.0000,0
07/22/2014,20.575,-157.700,26.9941,0.1066,0.0000,1
07/23/2014,20.575,-157.700,26.8268,0.0000,0.0000,1
07/24/2014,20.575,-157.700,27.2689,0.0000,0.0000,1
07/25/2014,20.575,-157.700,27.2269,0.0031,0.0000,1
07/26/2014,20.575,-157.700,27.1937,0.0000,0.0000,1
07/27/2014,20.575,-157.700,27.1626,0.0000,0.0000,1
07/28/2014,20.575,-157.700,27.3168,0.0000,0.0000,1
07/29/2014,20.575,-157.700,27.1850,0.0535,0.0000,1
07/30/2014,20.575,-157.700,27.3301,0.0950,0.0000,1
07/31/2014,20.575,-157.700,27.2032,0.0901,0.0000,1
08/01/2014,20.575,-157.700,27.5246,0.3180,0.0000,1
08/02/2014,20.575,-157.700,27.3803,0.2282,0.0000,1
08/03/2014,20.575,-157.700,27.6235,0.3650,0.0000,1
08/04/2014,20.575,-157.700,27.5538,0.4202,0.0000,1
08/05/2014,20.575,-157.700,27.5380,0.4661,0.0000,1
08/06/2014,20.575,-157.700,27.1393,0.3873,0.0000,1
08/07/2014,20.575,-157.700,27.5417,0.3732,0.0000,1
08/08/2014,20.575,-157.700,27.3566,0.2305,0.0000,1
08/09/2014,20.575,-157.700,26.8868,0.1404,0.0000,1
08/10/2014,20.575,-157.700,27.5550,0.4540,0.0000,1
08/11/2014,20.575,-157.700,27.5879,0.3399,0.0000,1
08/12/2014,20.575,-157.700,27.2742,0.6292,0.0000,1
08/13/2014,20.575,-157.700,27.4313,0.4426,0.0000,1
08/14/2014,20.575,-157.700,27.4008,0.4415,0.0000,1
08/15/2014,20.575,-157.700,27.2264,0.4270,0.0000,1
08/16/2014,20.575,-157.700,27.5570,0.4089,0.0000,1
08/17/2014,20.575,-157.700,27.3364,0.2907,0.0000,1
08/18/2014,20.575,-157.700,27.4185,0.2793,0.0000,1
08/19/2014,20.575,-157.700,26.9982,0.3433,0.0000,1
08/20/2014,20.575,-157.700,27.1869,0.3585,0.0000,1
08/21/2014,20.575,-157.700,27.0212,0.3356,0.0000,1
08/22/2014,20.575,-157.700,27.0693,0.3493,0.0000,1
08/23/2014,20.575,-157.700,27.4654,0.2941,0.0000,1
08/24/2014,20.575,-157.700,27.0816,0.1938,0.0000,1
08/25/2014,20.575,-157.700,27.1858,0.3719,0.0000,1
08/26/2014,20.575,-157.700,27.2246,0.4726,0.0000,1
08/27/2014,20.575,-157.700,27.2036,0.4104,0.0000,1
08/28/2014,20.575,-157.700,27.4944,0.4125,0.0000,1
08/29/2014,20.575,-157.700,27.2357,0.4599,0.0000,1
08/30/2014,20.575,-157.700,27.6903,0.5202,0.0000,1
08/31/2014,20.575,-157.700,27.4120,0.7319,0.0000,1
09/01/2014,20.575,-157.700,27.3736,0.6838,0.0000,1
09/02/2014,20.575,-157.700,28.0740,0.9164,0.0000,1
09/03/2014,20.575,-157.700,27.9297,0.8184,0.0000,1
09/04/2014,20.575,-157.700,27.7134,0.8707,0.0000,1
09/05/2014,20.575,-157.700,28.1484,0.9260,0.0000,1
09/06/2014,20.575,-157.700,28.0124,0.9305,0.0000,1
09/07/2014,20.575,-157.700,27.7198,0.8980,0.0000,1
09/08/2014,20.575,-157.700,27.7564,0.6474,0.0000,1
09/09/2014,20.575,-157.700,27.6623,0.6166,0.0000,1
09/10/2014,20.575,-157.700,27.9139,0.8128,0.0000,1
09/11/2014,20.575,-157.700,27.8063,0.8439,0.0000,1
09/12/2014,20.575,-157.700,28.0485,0.9191,0.0000,1
09/13/2014,20.575,-157.700,28.1042,0.9577,0.0000,1
09/14/2014,20.575,-157.700,27.6497,0.9506,0.0000,1
09/15/2014,20.575,-157.700,28.0617,1.0860,0.1551,2
09/16/2014,20.575,-157.700,28.3519,1.2155,0.3288,2
09/17/2014,20.575,-157.700,28.1555,1.0491,0.4787,2
09/18/2014,20.575,-157.700,28.4450,1.1001,0.6358,2
09/19/2014,20.575,-157.700,28.3851,1.2409,0.8131,2
09/20/2014,20.575,-157.700,28.4733,1.3538,1.0065,2
09/21/2014,20.575,-157.700,28.7575,1.5700,1.2308,2
09/22/2014,20.575,-157.700,28.6444,1.4624,1.4397,2
09/23/2014,20.575,-157.700,28.6786,1.4937,1.6531,2
09/24/2014,20.575,-157.700,28.6920,1.4627,1.8620,2
09/25/2014,20.575,-157.700,28.3242,1.2209,2.0364,2
09/26/2014,20.575,-157.700,28.5661,1.4175,2.2389,2
09/27/2014,20.575,-157.700,28.5997,1.3093,2.4260,2
09/28/2014,20.575,-157.700,28.3192,1.3016,2.6119,2
09/29/2014,20.575,-157.700,28.4569,1.2477,2.7902,2
09/30/2014,20.575,-157.700,28.4404,1.2477,2.9684,2
10/01/2014,20.575,-157.700,28.6337,1.6497,3.2041,2
10/02/2014,20.575,-157.700,28.7847,1.6393,3.4383,2
10/03/2014,20.575,-157.700,28.6169,1.6121,3.6686,2
10/04/2014,20.575,-157.700,28.3692,1.5289,3.8870,2
10/05/2014,20.575,-157.700,28.3124,1.4817,4.0987,3
10/06/2014,20.575,-157.700,28.6717,1.6164,4.3296,3
10/07/2014,20.575,-157.700,28.2221,1.4138,4.5316,3
10/08/2014,20.575,-157.700,28.2255,1.4948,4.7451,3
10/09/2014,20.575,-157.700,29.0332,1.8512,5.0095,3
10/10/2014,20.575,-157.700,28.6181,1.5183,5.2264,3
10/11/2014,20.575,-157.700,28.4378,1.4331,5.4312,3
10/12/2014,20.575,-157.700,28.4211,1.5125,5.6472,3
10/13/2014,20.575,-157.700,28.1076,1.3063,5.8339,3
10/14/2014,20.575,-157.700,28.2776,1.0879,5.9893,3
10/15/2014,20.575,-157.700,28.3153,1.1711,6.1566,3
10/16/2014,20.575,-157.700,28.0053,1.1410,6.3196,3
10/17/2014,20.575,-157.700,28.0116,1.2852,6.5032,3
10/18/2014,20.575,-157.700,28.0049,1.2412,6.6805,3
10/19/2014,20.575,-157.700,28.3353,1.1584,6.8460,3
10/20/2014,20.575,-157.700,28.1599,1.0132,6.9907,3
10/21/2014,20.575,-157.700,27.7463,0.8685,6.9907,3
10/22/2014,20.575,-157.700,28.0024,0.8660,6.9907,3
10/23/2014,20.575,-157.700,28.0458,0.8524,6.9907,3
10/24/2014,20.575,-157.700,27.9484,0.8735,6.9907,3
10/25/2014,20.575,-157.700,27.5790,0.8032,6.9907,3
10/26/2014,20.575,-157.700,27.4700,0.6502,6.9907,3
10/27/2014,20.575,-157.700,27.5708,0.6154,6.9907,1
10/28/2014,20.575,-157.700,27.9942,0.7945,6.9907,1
10/29/2014,20.575,-157.700,27.9773,0.7626,6.9907,1
10/30/2014,20.575,-157.700,27.4168,0.6173,6.9907,1
10/31/2014,20.575,-157.700,27.1574,0.4918,6.9907,1
11/01/2014,20.575,-157.700,27.5008,0.4230,6.9907,1
11/02/2014,20.575,-157.700,27.5506,0.4201,6.9907,1
11/03/2014,20.575,-157.700,27.5058,0.3694,6.9907,1
11/04/2014,20.575,-157.700,27.6102,0.3837,6.9907,1
11/05/2014,20.575,-157.700,27.6505,0.4633,6.9907,1
11/06/2014,20.575,-157.700,27.5282,0.3808,6.9907,1
11/07/2014,20.575,-157.700,27.2113,0.2781,6.9907,1
11/08/2014,20.575,-157.700,27.2724,0.4731,6.9907,1
11/09/2014,20.575,-157.700,27.1676,0.3758,6.9907,1
11/10/2014,20.575,-157.700,26.9622,0.2340,6.9907,1
11/11/2014,20.575,-157.700,27.1544,0.2613,6.9907,1
11/12/2014,20.575,-157.700,27.3196,0.3101,6.9907,1
11/13/2014,20.575,-157.700,27.3498,0.1923,6.9907,1
11/14/2014,20.575,-157.700,27.3441,0.3989,6.9907,1
11/15/2014,20.575,-157.700,27.2763,0.4597,6.9907,1
11/16/2014,20.575,-157.700,27.1800,0.3153,6.9907,1
11/17/2014,20.575,-157.700,26.9679,0.2737,6.9907,1
11/18/2014,20.575,-157.700,26.9090,0.0903,6.9907,1
11/19/2014,20.575,-157.700,26.8014,0.1102,6.9907,1
11/20/2014,20.575,-157.700,26.8372,0.0000,6.9907,1
11/21/2014,20.575,-157.700,26.5511,0.0000,6.9907,1
11/22/2014,20.575,-157.700,26.4476,0.0000,6.9907,1
11/23/2014,20.575,-157.700,26.5347,0.0000,6.9907,1
11/24/2014,20.575,-157.700,26.8041,0.0000,6.9907,1
11/25/2014,20.575,-157.700,26.8970,0.0000,6.9907,1
11/26/2014,20.575,-157.700,26.4947,0.0000,6.9907,0
11/27/2014,20.575,-157.700,26.4143,0.0000,6.9907,0
11/28/2014,20.575,-157.700,26.5274,0.0000,6.9907,0
11/29/2014,20.575,-157.700,26.5912,0.0000,6.9907,0
11/30/2014,20.575,-157.700,26.0636,0.0000,6.9907,0
12/01/2014,20.575,-157.700,25.9400,0.0000,6.9907,0
12/02/2014,20.575,-157.700,25.8283,0.0000,6.9907,0
12/03/2014,20.575,-157.700,25.6889,0.0000,6.9907,0
12/04/2014,20.575,-157.700,26.1743,0.0000,6.9907,0
12/05/2014,20.575,-157.700,25.8977,0.0000,6.9907,0
12/06/2014,20.575,-157.700,26.3499,0.0000,6.9907,0
12/07/2014,20.575,-157.700,25.8498,0.0000,6.9907,0
12/08/2014,20.575,-157.700,25.7708,0.0000,6.8356,0
12/09/2014,20.575,-157.700,25.6574,0.0000,6.6619,0
12/10/2014,20.575,-157.700,25.6968,0.0000,6.5121,0
12/11/2014,20.575,-157.700,25.6869,0.0000,6.3549,0
12/12/2014,20.575,-157.700,26.0494,0.0000,6.1776,0
12/13/2014,20.575,-157.700,25.5701,0.0000,5.9842,0
12/14/2014,20.575,-157.700,25.6110,0.0000,5.7599,0
12/15/2014,20.575,-157.700,25.9333,0.0000,5.5510,0
12/16/2014,20.575,-157.700,25.4772,0.0000,5.3376,0
12/17/2014,20.575,-157.700,25.6302,0.0000,5.1287,0
12/18/2014,20.575,-157.700,25.4028,0.0000,4.9543,0
12/19/2014,20.575,-157.700,25.9402,0.0000,4.7518,0
12/20/2014,20.575,-157.700,25.3328,0.0000,4.5647,0
12/21/2014,20.575,-157.700,25.7525,0.0000,4.3788,0
12/22/2014,20.575,-157.700,25.3793,0.0000,4.2005,0
12/23/2014,20.575,-157.700,25.2981,0.0000,4.0223,0
12/24/2014,20.575,-157.700,25.0206,0.0000,3.7866,0
12/25/2014,20.575,-157.700,25.1025,0.0000,3.5524,0
12/26/2014,20.575,-157.700,24.9433,0.0000,3.3221,0
12/27/2014,20.575,-157.700,24.8750,0.0000,3.1037,0
12/28/2014,20.575,-157.700,24.7821,0.0000,2.8920,0
12/29/2014,20.575,-157.700,24.7329,0.0000,2.6611,0
12/30/2014,20.575,-157.700,24.7303,0.0000,2.4592,0
12/31/2014,20.575,-157.700,25.0548,0.0000,2.2456,0
01/01/2015,20.575,-157.700,24.5591,0.0000,1.9812,0
01/02/2015,20.575,-157.700,25.1560,0.0000,1.7643,0
01/03/2015,20.575,-157.700,25.1754,0.0000,1.5596,0
01/04/2015,20.575,-157.700,24.8522,0.0000,1.3435,0
01/05/2015,20.575,-157.700,24.7228,0.0000,1.1569,0
01/06/2015,20.575,-157.700,24.7160,0.0000,1.0014,0
01/07/2015,20.575,-157.700,25.0102,0.0000,0.8341,0
01/08/2015,20.575,-157.700,24.8510,0.0000,0.6711,0
01/09/2015,20.575,-157.700,24.7580,0.0000,0.4875,0
01/10/2015,20.575,-157.700,24.6998,0.0000,0.3102,0
01/11/2015,20.575,-157.700,24.9397,0.0000,0.1447,0
01/12/2015,20.575,-157.700,24.8358,0.0000,0.0000,0
01/13/2015,20.575,-157.700,25.2986,0.0000,0.0000,0
01/14/2015,20.575,-157.700,25.4926,0.0000,0.0000,0
01/15/2015,20.575,-157.700,24.9116,0.0000,0.0000,0
01/16/2015,20.575,-157.700,25.0424,0.0000,0.0000,0
01/17/2015,20.575,-157.700,25.0987,0.0000,0.0000,0
01/18/2015,20.575,-157.700,25.0724,0.0000,0.0000,0
01/19/2015,20.575,-157.700,25.2066,0.0000,0.0000,0
01/20/2015,20.575,-157.700,25.3967,0.0000,0.0000,0
01/21/2015,20.575,-157.700,25.1658,0.0000,0.0000,0
01/22/2015,20.575,-157.700,24.8732,0.0000,0.0000,0
01/23/2015,20.575,-157.700,25.5336,0.0000,0.0000,0
01/24/2015,20.575,-157.700,25.2312,0.0000,0.0000,0
01/25/2015,20.575,-157.700,24.8363,0.0000,0.0000,0
01/26/2015,20.575,-157.700,24.9217,0.0000,0.0000,0
01/27/2015,20.575,-157.700,25.0975,0.0000,0.0000,0
01/28/2015,20.575,-157.700,24.7197,0.0000,0.0000,0
01/29/2015,20.575,-157.700,24.7877,0.0000,0.0000,0
01/30/2015,20.575,-157.700,25.4701,0.0000,0.0000,0
01/31/2015,20.575,-157.700,24.9877,0.0000,0.0000,0
02/01/2015,20.575,-157.700,25.0573,0.0000,0.0000,0
02/02/2015,20.575,-157.700,25.5240,0.0000,0.0000,0
02/03/2015,20.575,-157.700,25.1011,0.0000,0.0000,0
02/04/2015,20.575,-157.700,25.2924,0.0000,0.0000,0
02/05/2015,20.575,-157.700,25.3522,0.0000,0.0000,0
02/06/2015,20.575,-157.700,25.2051,0.0000,0.0000,0
02/07/2015,20.575,-157.700,24.9043,0.0000,0.0000,0
02/08/2015,20.575,-157.700,24.4014,0.0000,0.0000,0
02/09/2015,20.575,-157.700,25.1522,0.0000,0.0000,0
02/10/2015,20.575,-157.700,24.8544,0.0000,0.0000,0
02/11/2015,20.575,-157.700,24.7977,0.0000,0.0000,0
02/12/2015,20.575,-157.700,24.7390,0.0000,0.0000,0
02/13/2015,20.575,-157.700,25.0933,0.0000,0.0000,0
02/14/2015,20.575,-157.700,25.1338,0.0000,0.0000,0
02/15/2015,20.575,-157.700,25.5901,0.0000,0.0000,0
02/16/2015,20.575,-157.700,24.8772,0.0000,0.0000,0
02/17/2015,20.575,-157.700,25.3798,0.0000,0.0000,0
02/18/2015,20.575,-157.700,24.9429,0.0000,0.0000,0
02/19/2015,20.575,-157.700,24.8885,0.0000,0.0000,0
02/20/2015,20.575,-157.700,25.1033,0.0000,0.0000,0
02/21/2015,20.575,-157.700,25.6197,0.0000,0.0000,0
02/22/2015,20.575,-157.700,25.2230,0.0000,0.0000,0
02/23/2015,20.575,-157.700,25.4604,0.0000,0.0000,0
02/24/2015,20.575,-157.700,25.2983,0.0000,0.0000,0
02/25/2015,20.575,-157.700,25.1288,0.0000,0.0000,0
02/26/2015,20.575,-157.700,25.0116,0.0000,0.0000,0
02/27/2015,20.575,-157.700,25.3951,0.0000,0.0000,0
02/28/2015,20.575,-157.700,25.0273,0.0000,0.0000,0
03/01/2015,20.575,-157.700,25.0198,0.0000,0.0000,0
03/02/2015,20.575,-157.700,25.3340,0.0000,0.0000,0
03/03/2015,20.575,-157.700,25.6718,0.0000,0.0000,0
03/04/2015,20.575,-157.700,25.6463,0.0000,0.0000,0
03/05/2015,20.575,-157.700,24.8736,0.0000,0.0000,0
03/06/2015,20.575,-157.700,24.8976,0.0000,0.0000,0
03/07/2015,20.575,-157.700,24.8756,0.0000,0.0000,0
03/08/2015,20.575,-157.700,24.4627,0.0000,0.0000,0
03/09/2015,20.575,-157.700,24.7071,0.0000,0.0000,0
03/10/2015,20.575,-157.700,25.0224,0.0000,0.0000,0
03/11/2015,20.575,-157.700,24.7391,0.0000,0.0000,0
03/12/2015,20.575,-157.700,24.5716,0.0000,0.0000,0
03/13/2015,20.575,-157.700,24.5674,0.0000,0.0000,0
03/14/2015,20.575,-157.700,24.5200,0.0000,0.0000,0
03/15/2015,20.575,-157.700,24.4599,0.0000,0.0000,0
03/16/2015,20.575,-157.700,24.5434,0.0000,0.0000,0
03/17/2015,20.575,-157.700,24.9670,0.0000,0.0000,0
03/18/2015,20.575,-157.700,24.6855,0.0000,0.0000,0
03/19/2015,20.575,-157.700,24.8298,0.0000,0.0000,0
03/20/2015,20.575,-157.700,24.7871,0.0000,0.0000,0
03/21/2015,20.575,-157.700,25.2717,0.0000,0.0000,0
03/22/2015,20.575,-157.700,24.9691,0.0000,0.0000,0
03/23/2015,20.575,-157.700,25.2542,0.0000,0.0000,0
03/24/2015,20.575,-157.700,24.7917,0.0000,0.0000,0
03/25/2015,20.575,-157.700,24.9743,0.0000,0.0000,0
03/26/2015,20.575,-157.700,24.8319,0.0000,0.0000,0
03/27/2015,20.575,-157.700,25.3527,0.0000,0.0000,0
03/28/2015,20.575,-157.700,25.1641,0.0000,0.0000,0
03/29/2015,20.575,-157.700,25.2706,0.0000,0.0000,0
03/30/2015,20.575,-157.700,25.0013,0.0000,0.0000,0
03/31/2015,20.575,-157.700,25.4032,0.0000,0.0000,0
04/01/2015,20.575,-157.700,25.6899,0.0000,0.0000,0
04/02/2015,20.575,-157.700,25.0603,0.0000,0.0000,0
04/03/2015,20.575,-157.700,25.5313,0.0000,0.0000,0
04/04/2015,20.575,-157.700,25.7392,0.0000,0.0000,0
04/05/2015,20.575,-157.700,25.9522,0.0000,0.0000,0
04/06/2015,20.575,-157.700,25.9147,0.0000,0.0000,0
04/07/2015,20.575,-157.700,25.9633,0.0000,0.0000,0
04/08/2015,20.575,-157.700,25.3503,0.0000,0.0000,0
04/09/2015,20.575,-157.700,25.6237,0.0000,0.0000,0
04/10/2015,20.575,-157.700,25.8184,0.0000,0.0000,0
04/11/2015,20.575,-157.700,25.7070,0.0000,0.0000,0
04/12/2015,20.575,-157.700,25.4010,0.0000,0.0000,0
04/13/2015,20.575,-157.700,25.8502,0.0000,0.0000,0
04/14/2015,20.575,-157.700,25.8104,0.0000,0.0000,0
04/15/2015,20.575,-157.700,25.5175,0.0000,0.0000,0
04/16/2015,20.575,-157.700,25.0869,0.0000,0.0000,0
04/17/2015,20.575,-157.700,25.7861,0.0000,0.0000,0
04/18/2015,20.575,-157.700,25.6147,0.0000,0.0000,0
04/19/2015,20.575,-157.700,25.1252,0.0000,0.0000,0
04/20/2015,20.575,-157.700,25.2432,0.0000,0.0000,0
04/21/2015,20.575,-157.700,25.2211,0.0000,0.0000,0
04/22/2015,20.575,-157.700,25.4645,0.0000,0.0000,0
04/23/2015,20.575,-157.700,24.9999,0.0000,0.0000,0
04/24/2015,20.575,-157.700,25.1233,0.0000,0.0000,0
04/25/2015,20.575,-157.700,25.6943,0.0000,0.0000,0
04/26/2015,20.575,-157.700,25.3911,0.0000,0.0000,0
04/27/2015,20.575,-157.700,25.8374,0.0000,0.0000,0
04/28/2015,20.575,-157.700,25.4341,0.0000,0.0000,0
04/29/2015,20.575,-157.700,25.6888,0.0000,0.0000,0
04/30/2015,20.575,-157.700,25.0721,0.0000,0.0000,0
05/01/2015,20.575,-157.700,25.7095,0.0000,0.0000,0
05/02/2015,20.575,-157.700,24.9866,0.0000,0.0000,0
05/03/2015,20.575,-157.700,25.5631,0.0000,0.0000,0
05/04/2015,20.575,-157.700,25.5357,0.0000,0.0000,0
05/05/2015,20.575,-157.700,25.7784,0.0000,0.0000,0
05/06/2015,20.575,-157.700,25.7222,0.0000,0.0000,0
05/07/2015,20.575,-157.700,25.7194,0.0000,0.0000,0
05/08/2015,20.575,-157.700,25.7498,0.0000,0.0000,0
05/09/2015,20.575,-157.700,25.3689,0.0000,0.0000,0
05/10/2015,20.575,-157.700,25.3624,0.0000,0.0000,0
05/11/2015,20.575,-157.700,25.6875,0.0000,0.0000,0
05/12/2015,20.575,-157.700,25.6659,0.0000,0.0000,0
05/13/2015,20.575,-157.700,25.7670,0.0000,0.0000,0
05/14/2015,20.575,-157.700,25.4137,0.0000,0.0000,0
05/15/2015,20.575,-157.700,25.3070,0.0000,0.0000,0
05/16/2015,20.575,-157.700,25.5612,0.0000,0.0000,0
05/17/2015,20.575,-157.700,25.6576,0.0000,0.0000,0
05/18/2015,20.575,-157.700,25.9504,0.0000,0.0000,0
05/19/2015,20.575,-157.700,26.0977,0.0000,0.0000,0
05/20/2015,20.575,-157.700,25.7114,0.0000,0.0000,0
05/21/2015,20.575,-157.700,25.8257,0.0000,0.0000,0
05/22/2015,20.575,-157.700,25.7722,0.0000,0.0000,0
05/23/2015,20.575,-157.700,26.0403,0.0000,0.0000,0
05/24/2015,20.575,-157.700,25.5887,0.0000,0.0000,0
05/25/2015,20.575,-157.700,25.8779,0.0000,0.0000,0
05/26/2015,20.575,-157.700,25.5496,0.0000,0.0000,0
05/27/2015,20.575,-157.700,25.9104,0.0000,0.0000,0
05/28/2015,20.575,-157.700,26.0081,0.0000,0.0000,0
05/29/2015,20.575,-157.700,25.6322,0.0000,0.0000,0
05/30/2015,20.575,-157.700,26.2093,0.0000,0.0000,0
05/31/2015,20.575,-157.700,25.9477,0.0000,0.0000,0
06/01/2015,20.575,-157.700,26.5096,0.0000,0.0000,0
06/02/2015,20.575,-157.700,26.1339,0.0000,0.0000,0
06/03/2015,20.575,-157.700,25.8851,0.0000,0.0000,0
06/04/2015,20.575,-157.700,26.2952,0.0000,0.0000,0
06/05/2015,20.575,-157.700,26.0660,0.0000,0.0000,0
06/06/2015,20.575,-157.700,26.6539,0.0000,0.0000,0
06/07/2015,20.575,-157.700,26.8148,0.0000,0.0000,0
06/08/2015,20.575,-157.700,26.5909,0.0000,0.0000,0
06/09/2015,20.575,-157.700,26.5790,0.0000,0.0000,0
06/10/2015,20.575,-157.700,26.4910,0.0000,0.0000,0
06/11/2015,20.575,-157.700,26.2855,0.0000,0.0000,0
06/12/2015,20.575,-157.700,26.4179,0.0000,0.0000,0
06/13/2015,20.575,-157.700,26.3977,0.0000,0.0000,0
06/14/2015,20.575,-157.700,26.5212,0.0000,0.0000,0
06/15/2015,20.575,-157.700,26.7613,0.0000,0.0000,0
06/16/2015,20.575,-157.700,26.6046,0.0000,0.0000,0
06/17/2015,20.575,-157.700,26.5150,0.0000,0.0000,0
06/18/2015,20.575,-157.700,26.7839,0.0000,0.0000,0
06/19/2015,20.575,-157.700,26.7454,0.0000,0.0000,0
06/20/2015,20.575,-157.700,26.9323,0.0000,0.0000,0
06/21/2015,20.575,-157.700,26.8276,0.0000,0.0000,0
06/22/2015,20.575,-157.700,26.8865,0.0000,0.0000,0
06/23/2015,20.575,-157.700,26.9918,0.0000,0.0000,0
06/24/2015,20.575,-157.700,26.7317,0.0000,0.0000,0
06/25/2015,20.575,-157.700,26.6778,0.0000,0.0000,0
06/26/2015,20.575,-157.700,26.2469,0.0000,0.0000,0
06/27/2015,20.575,-157.700,26.6885,0.0000,0.0000,0
06/28/2015,20.575,-157.700,26.2881,0.0000,0.0000,0
06/29/2015,20.575,-157.700,26.9276,0.0000,0.0000,0
06/30/2015,20.575,-157.700,26.9674,0.0000,0.0000,0
07/01/2015,20.575,-157.700,27.3695,0.2564,0.0000,1
07/02/2015,20.575,-157.700,27.4661,0.3331,0.0000,1
07/03/2015,20.575,-157.700,27.6864,0.4960,0.0000,1
07/04/2015,20.575,-157.700,27.5433,0.3615,0.0000,1
07/05/2015,20.575,-157.700,27.2276,0.4627,0.0000,1
07/06/2015,20.575,-157.700,27.0482,0.3138,0.0000,1
07/07/2015,20.575,-157.700,27.2994,0.2021,0.0000,1
07/08/2015,20.575,-157.700,27.4235,0.2201,0.0000,1
07/09/2015,20.575,-157.700,27.2806,0.1021,0.0000,1
07/10/2015,20.575,-157.700,27.1906,0.0332,0.0000,1
07/11/2015,20.575,-157.700,26.8355,0.1586,0.0000,1
07/12/2015,20.575,-157.700,27.2051,0.5222,0.0000,1
07/13/2015,20.575,-157.700,27.9375,0.7657,0.0000,1
07/14/2015,20.575,-157.700,27.5790,0.4238,0.0000,1
07/15/2015,20.575,-157.700,27.1002,0.4403,0.0000,1
07/16/2015,20.575,-157.700,27.6658,0.4308,0.0000,1
07/17/2015,20.575,-157.700,27.6703,0.5200,0.0000,1
07/18/2015,20.575,-157.700,27.3088,0.5511,0.0000,1
07/19/2015,20.575,-157.700,27.3615,0.5286,0.0000,1
07/20/2015,20.575,-157.700,27.2414,0.4597,0.0000,1
07/21/2015,20.575,-157.700,27.6830,0.4668,0.0000,1
07/22/2015,20.575,-157.700,27.7033,0.4967,0.0000,1
07/23/2015,20.575,-157.700,27.3166,0.6951,0.0000,1
07/24/2015,20.575,-157.700,27.8829,0.7068,0.0000,1
07/25/2015,20.575,-157.700,27.8217,0.7023,0.0000,1
07/26/2015,20.575,-157.700,27.6091,0.7110,0.0000,1
07/27/2015,20.575,-157.700,27.7041,0.8164,0.0000,1
07/28/2015,20.575,-157.700,27.8726,0.8126,0.0000,1
07/29/2015,20.575,-157.700,28.1216,0.8357,0.0000,1
07/30/2015,20.575,-157.700,28.1150,0.9187,0.0000,1
07/31/2015,20.575,-157.700,28.1245,0.8390,0.0000,1
08/01/2015,20.575,-157.700,28.0283,0.8210,0.0000,1
08/02/2015,20.575,-157.700,27.4520,0.7851,0.0000,1
08/03/2015,20.575,-157.700,27.4406,0.6919,0.0000,1
08/04/2015,20.575,-157.700,27.5125,0.8181,0.0000,1
08/05/2015,20.575,-157.700,27.8801,0.8026,0.0000,1
08/06/2015,20.575,-157.700,27.5888,0.7712,0.0000,1
08/07/2015,20.575,-157.700,27.9817,0.8000,0.0000,1
08/08/2015,20.575,-157.700,27.7243,0.6895,0.0000,1
08/09/2015,20.575,-157.700,27.4552,0.6693,0.0000,1
08/10/2015,20.575,-157.700,27.4166,0.6617,0.0000,1
08/11/2015,20.575,-157.700,28.0202,0.8630,0.0000,1
08/12/2015,20.575,-157.700,28.2515,0.9918,0.0000,1
08/13/2015,20.575,-157.700,28.5251,1.2860,0.1837,2
08/14/2015,20.575,-157.700,28.3050,1.2156,0.3574,2
08/15/2015,20.575,-157.700,28.2604,1.1560,0.5225,2
08/16/2015,20.575,-157.700,27.9995,1.1548,0.6875,2
08/17/2015,20.575,-157.700,28.3974,1.1645,0.8538,2
08/18/2015,20.575,-157.700,28.4724,1.3504,1.0467,2
08/19/2015,20.575,-157.700,28.2662,1.2614,1.2269,2
08/20/2015,20.575,-157.700,28.5655,1.4381,1.4324,2
08/21/2015,20.575,-157.700,28.6768,1.5666,1.6562,2
08/22/2015,20.575,-157.700,27.8908,1.2286,1.8317,2
08/23/2015,20.575,-157.700,28.2330,1.4139,2.0337,2
08/24/2015,20.575,-157.700,28.6364,1.4017,2.2339,2
08/25/2015,20.575,-157.700,28.1872,1.5342,2.4531,2
08/26/2015,20.575,-157.700,28.5525,1.5412,2.6733,2
08/27/2015,20.575,-157.700,28.6161,1.7824,2.9279,2
08/28/2015,20.575,-157.700,28.5779,1.7028,3.1712,2
08/29/2015,20.575,-157.700,28.5082,1.6879,3.4123,2
08/30/2015,20.575,-157.700,28.5522,1.7730,3.6656,2
08/31/2015,20.575,-157.700,29.0042,1.7793,3.9198,2
09/01/2015,20.575,-157.700,29.0348,1.8433,4.1831,3
09/02/2015,20.575,-157.700,28.6972,1.8969,4.4541,3
09/03/2015,20.575,-157.700,28.7671,2.0289,4.7439,3
09/04/2015,20.575,-157.700,28.8849,1.9199,5.0182,3
09/05/2015,20.575,-157.700,29.0285,1.9710,5.2998,3
09/06/2015,20.575,-157.700,28.8130,1.9674,5.5808,3
09/07/2015,20.575,-157.700,29.0854,2.0611,5.8753,3
09/08/2015,20.575,-157.700,29.2490,2.2665,6.1990,3
09/09/2015,20.575,-157.700,29.1691,2.3485,6.5345,3
09/10/2015,20.575,-157.700,29.6280,2.4096,6.8788,3
09/11/2015,20.575,-157.700,29.2726,2.3014,7.2075,3
09/12/2015,20.575,-157.700,29.4807,2.2911,7.5348,3
09/13/2015,20.575,-157.700,29.4351,2.2190,7.8518,3
09/14/2015,20.575,-157.700,29.2643,2.1393,8.1574,4
09/15/2015,20.575,-157.700,29.2875,2.0626,8.4521,4
09/16/2015,20.575,-157.700,29.0287,1.9752,8.7343,4
09/17/2015,20.575,-157.700,29.2399,2.0722,9.0303,4
09/18/2015,20.575,-157.700,29.1218,1.8735,9.2980,4
09/19/2015,20.575,-157.700,29.1168,1.8688,9.5649,4
09/20/2015,20.575,-157.700,28.8874,1.8106,9.8236,4
09/21/2015,20.575,-157.700,28.9403,1.6819,10.0639,4
09/22/2015,20.575,-157.700,28.6902,1.8160,10.3233,4
09/23/2015,20.575,-157.700,28.7502,1.7697,10.5761,4
09/24/2015,20.575,-157.700,29.0922,1.8359,10.8384,4
09/25/2015,20.575,-157.700,29.1590,1.9125,11.1116,4
09/26/2015,20.575,-157.700,29.0441,1.7877,11.3670,4
09/27/2015,20.575,-157.700,28.6000,1.6233,11.5989,4
09/28/2015,20.575,-157.700,28.5879,1.4702,11.8089,4
09/29/2015,20.575,-157.700,27.9281,1.2775,11.9914,4
09/30/2015,20.575,-157.700,28.5627,1.3059,12.1780,4
10/01/2015,20.575,-157.700,28.2471,1.1703,12.3451,4
10/02/2015,20.575,-157.700,27.8276,1.1135,12.5042,4
10/03/2015,20.575,-157.700,27.9056,1.0673,12.6567,4
10/04/2015,20.575,-157.700,28.0950,0.9262,12.6567,4
10/05/2015,20.575,-157.700,28.3462,1.1063,12.8147,4
10/06/2015,20.575,-157.700,27.8881,0.9431,12.8147,4
10/07/2015,20.575,-157.700,28.0974,0.9178,12.8147,4
10/08/2015,20.575,-157.700,28.0155,0.8221,12.8147,4
10/09/2015,20.575,-157.700,27.8566,0.9072,12.8147,4
10/10/2015,20.575,-157.700,28.0350,1.0490,12.9646,4
10/11/2015,20.575,-157.700,27.7691,1.0589,13.1159,4
10/12/2015,20.575,-157.700,28.2221,1.0930,13.2720,4
10/13/2015,20.575,-157.700,28.3641,1.1092,13.4305,4
10/14/2015,20.575,-157.700,27.9608,1.0631,13.5823,4
10/15/2015,20.575,-157.700,28.0978,0.9754,13.5823,4
10/16/2015,20.575,-157.700,27.8755,1.0950,13.7388,4
10/17/2015,20.575,-157.700,27.9019,1.0542,13.8894,4
10/18/2015,20.575,-157.700,27.8783,1.2012,14.0610,4
10/19/2015,20.575,-157.700,27.8807,1.2295,14.2366,4
10/20/2015,20.575,-157.700,27.8234,1.1289,14.3979,4
10/21/2015,20.575,-157.700,28.2775,1.0539,14.5484,4
10/22/2015,20.575,-157.700,28.2165,0.9765,14.5484,4
10/23/2015,20.575,-157.700,28.1814,1.0262,14.6951,4
10/24/2015,20.575,-157.700,28.0106,1.0020,14.8382,4
10/25/2015,20.575,-157.700,27.6189,0.9292,14.8382,4
10/26/2015,20.575,-157.700,27.7065,0.9563,14.8382,4
10/27/2015,20.575,-157.700,27.6800,0.9758,14.8382,4
10/28/2015,20.575,-157.700,27.7437,0.8859,14.8382,4
10/29/2015,20.575,-157.700,27.6685,0.6775,14.8382,4
10/30/2015,20.575,-157.700,27.9820,0.8075,14.8382,4
10/31/2015,20.575,-157.700,27.5702,0.9166,14.8382,1
11/01/2015,20.575,-157.700,27.9772,1.0134,14.9830,4
11/02/2015,20.575,-157.700,28.0873,0.8871,14.9830,4
11/03/2015,20.575,-157.700,27.9371,0.7299,14.9830,4
11/04/2015,20.575,-157.700,27.3914,0.7087,14.9830,4
11/05/2015,20.575,-157.700,27.3607,0.6383,14.7993,4
11/06/2015,20.575,-157.700,27.6694,0.6267,14.6256,4
11/07/2015,20.575,-157.700,27.7146,0.6489,14.4605,4
11/08/2015,20.575,-157.700,27.6200,0.4529,14.2955,1
11/09/2015,20.575,-157.700,27.0631,0.3722,14.1291,1
11/10/2015,20.575,-157.700,26.9572,0.3060,13.9362,1
11/11/2015,20.575,-157.700,26.9890,0.1897,13.7560,1
11/12/2015,20.575,-157.700,27.0337,0.2532,13.5506,1
11/13/2015,20.575,-157.700,27.0868,0.0888,13.3268,1
11/14/2015,20.575,-157.700,27.3459,0.1492,13.1513,1
11/15/2015,20.575,-157.700,27.3124,0.0684,12.9493,1
11/16/2015,20.575,-157.700,27.0583,0.0723,12.7490,1
11/17/2015,20.575,-157.700,27.1847,0.0071,12.5299,1
11/18/2015,20.575,-157.700,27.3414,0.1253,12.3097,1
11/19/2015,20.575,-157.700,27.3194,0.0591,12.0551,1
11/20/2015,20.575,-157.700,27.1948,0.0000,11.8118,1
11/21/2015,20.575,-157.700,27.0263,0.0551,11.5707,1
11/22/2015,20.575,-157.700,26.7173,0.0000,11.3174,1
11/23/2015,20.575,-157.700,27.1682,0.0000,11.0632,1
11/24/2015,20.575,-157.700,26.5887,0.0000,10.7999,1
11/25/2015,20.575,-157.700,27.0516,0.0000,10.5289,1
11/26/2015,20.575,-157.700,26.8205,0.0478,10.2391,1
11/27/2015,20.575,-157.700,26.7843,0.0000,9.9648,1
11/28/2015,20.575,-157.700,26.5620,0.0000,9.6832,1
11/29/2015,20.575,-157.700,26.2683,0.0000,9.4022,1
11/30/2015,20.575,-157.700,26.5208,0.0000,9.1077,1
12/01/2015,20.575,-157.700,26.2605,0.0000,8.7839,1
12/02/2015,20.575,-157.700,26.1642,0.0000,8.4484,1
12/03/2015,20.575,-157.700,26.1582,0.0000,8.1042,0
12/04/2015,20.575,-157.700,26.1453,0.0000,7.7754,0
12/05/2015,20.575,-157.700,26.2443,0.0000,7.4481,0
12/06/2015,20.575,-157.700,26.1771,0.0000,7.1311,0
12/07/2015,20.575,-157.700,26.3697,0.0000,6.8255,0
12/08/2015,20.575,-157.700,26.6634,0.0000,6.5309,0
12/09/2015,20.575,-157.700,26.2075,0.0000,6.2487,0
12/10/2015,20.575,-157.700,26.4163,0.0000,5.9527,0
12/11/2015,20.575,-157.700,26.2620,0.0000,5.6850,0
12/12/2015,20.575,-157.700,26.2606,0.0000,5.4181,0
12/13/2015,20.575,-157.700,26.5046,0.0000,5.1594,0
12/14/2015,20.575,-157.700,26.4623,0.0000,4.9191,0
12/15/2015,20.575,-157.700,26.4623,0.0000,4.6597,0
12/16/2015,20.575,-157.700,25.9552,0.0000,4.4069,0
12/17/2015,20.575,-157.700,26.2037,0.0000,4.1446,0
12/18/2015,20.575,-157.700,26.0900,0.0000,3.8714,0
12/19/2015,20.575,-157.700,25.7890,0.0000,3.6160,0
12/20/2015,20.575,-157.700,26.0203,0.0000,3.3841,0
12/21/2015,20.575,-157.700,25.6631,0.0000,3.1741,0
12/22/2015,20.575,-157.700,26.0241,0.0000,2.9916,0
12/23/2015,20.575,-157.700,25.5917,0.0000,2.8050,0
12/24/2015,20.575,-157.700,25.8041,0.0000,2.6378,0
12/25/2015,20.575,-157.700,26.1183,0.0000,2.4788,0
12/26/2015,20.575,-157.700,26.0891,0.0000,2.3263,0
12/27/2015,20.575,-157.700,25.4845,0.0000,2.3263,0
12/28/2015,20.575,-157.700,25.3149,0.0000,2.1682,0
12/29/2015,20.575,-157.700,25.8491,0.0000,2.1682,0
12/30/2015,20.575,-157.700,25.8931,0.0000,2.1682,0
12/31/2015,20.575,-157.700,25.3865,0.0000,2.1682,0
01/01/2016,20.575,-157.700,25.7921,0.0000,2.1682,0
01/02/2016,20.575,-157.700,25.3361,0.0000,2.0184,0
01/03/2016,20.575,-157.700,25.7871,0.0000,1.8671,0
01/04/2016,20.575,-157.700,26.0896,0.0000,1.7110,0
01/05/2016,20.575,-157.700,26.2731,0.0000,1.5525,0
01/06/2016,20.575,-157.700,25.8151,0.0000,1.4006,0
01/07/2016,20.575,-157.700,25.2862,0.0000,1.4006,0
01/08/2016,20.575,-157.700,25.5740,0.0000,1.2442,0
01/09/2016,20.575,-157.700,25.6632,0.0000,1.0936,0
01/10/2016,20.575,-157.700,25.2771,0.0000,0.9220,0
01/11/2016,20.575,-157.700,25.7220,0.0000,0.7464,0
01/12/2016,20.575,-157.700,25.5924,0.0000,0.5851,0
01/13/2016,20.575,-157.700,25.2812,0.0000,0.4345,0
01/14/2016,20.575,-157.700,25.4442,0.0000,0.4345,0
01/15/2016,20.575,-157.700,25.5632,0.0000,0.2879,0
01/16/2016,20.575,-157.700,25.6720,0.0000,0.1448,0
01/17/2016,20.575,-157.700,25.4685,0.0000,0.1448,0
01/18/2016,20.575,-157.700,25.3197,0.0000,0.1448,0
01/19/2016,20.575,-157.700,25.1215,0.0000,0.1448,0
01/20/2016,20.575,-157.700,25.3326,0.0000,0.1448,0
01/21/2016,20.575,-157.700,25.2250,0.0000,0.1448,0
01/22/2016,20.575,-157.700,25.0608,0.0000,0.1448,0
01/23/2016,20.575,-157.700,25.0967,0.0000,0.1448,0
01/24/2016,20.575,-157.700,24.9598,0.0000,0.0000,0
01/25/2016,20.575,-157.700,25.4320,0.0000,0.0000,0
01/26/2016,20.575,-157.700,25.1559,0.0000,0.0000,0
01/27/2016,20.575,-157.700,25.2240,0.0000,0.0000,0
01/28/2016,20.575,-157.700,25.2342,0.0000,0.0000,0
01/29/2016,20.575,-157.700,25.6050,0.0000,0.0000,0
01/30/2016,20.575,-157.700,25.2367,0.0000,0.0000,0
01/31/2016,20.575,-157.700,25.3503,0.0000,0.0000,0
02/01/2016,20.575,-157.700,25.6000,0.0000,0.0000,0
02/02/2016,20.575,-157.700,25.2301,0.0000,0.0000,0
02/03/2016,20.575,-157.700,25.0413,0.0000,0.0000,0
02/04/2016,20.575,-157.700,25.0541,0.0000,0.0000,0
02/05/2016,20.575,-157.700,25.1962,0.0000,0.0000,0
02/06/2016,20.575,-157.700,24.9670,0.0000,0.0000,0
02/07/2016,20.575,-157.700,25.0410,0.0000,0.0000,0
02/08/2016,20.575,-157.700,25.0058,0.0000,0.0000,0
02/09/2016,20.575,-157.700,25.0285,0.0000,0.0000,0
02/10/2016,20.575,-157.700,25.3234,0.0000,0.0000,0
02/11/2016,20.575,-157.700,24.9887,0.0000,0.0000,0
02/12/2016,20.575,-157.700,25.0020,0.0000,0.0000,0
02/13/2016,20.575,-157.700,24.8445,0.0000,0.0000,0
02/14/2016,20.575,-157.700,25.0030,0.0000,0.0000,0
02/15/2016,20.575,-157.700,25.4790,0.0000,0.0000,0
02/16/2016,20.575,-157.700,24.9263,0.0000,0.0000,0
02/17/2016,20.575,-157.700,24.8504,0.0000,0.0000,0
02/18/2016,20.575,-157.700,24.8980,0.0000,0.0000,0
02/19/2016,20.575,-157.700,24.8453,0.0000,0.0000,0
02/20/2016,20.575,-157.700,25.0288,0.0000,0.0000,0
02/21/2016,20.575,-157.700,25.3453,0.0000,0.0000,0
02/22/2016,20.575,-157.700,24.8162,0.0000,0.0000,0
02/23/2016,20.575,-157.700,25.0689,0.0000,0.0000,0
02/24/2016,20.575,-157.700,24.6699,0.0000,0.0000,0
02/25/2016,20.575,-157.700,24.9261,0.0000,0.0000,0
02/26/2016,20.575,-157.700,24.8873,0.0000,0.0000,0
02/27/2016,20.575,-157.700,25.1557,0.0000,0.0000,0
02/28/2016,20.575,-157.700,24.7916,0.0000,0.0000,0
02/29/2016,20.575,-157.700,24.9181,0.0000,0.0000,0
03/01/2016,20.575,-157.700,25.1076,0.0000,0.0000,0
03/02/2016,20.575,-157.700,25.4490,0.0000,0.0000,0
03/03/2016,20.575,-157.700,24.8126,0.0000,0.0000,0
03/04/2016,20.575,-157.700,24.8931,0.0000,0.0000,0
03/05/2016,20.575,-157.700,25.2776,0.0000,0.0000,0
03/06/2016,20.575,-157.700,24.9826,0.0000,0.0000,0
03/07/2016,20.575,-157.700,25.2749,0.0000,0.0000,0
03/08/2016,20.575,-157.700,25.5643,0.0000,0.0000,0
03/09/2016,20.575,-157.700,25.7551,0.0000,0.0000,0
03/10/2016,20.575,-157.700,24.9376,0.0000,0.0000,0
03/11/2016,20.575,-157.700,24.8388,0.0000,0.0000,0
03/12/2016,20.575,-157.700,24.8117,0.0000,0.0000,0
03/13/2016,20.575,-157.700,25.3207,0.0000,0.0000,0
03/14/2016,20.575,-157.700,24.7193,0.0000,0.0000,0
03/15/2016,20.575,-157.700,25.3406,0.0000,0.0000,0
03/16/2016,20.575,-157.700,25.3146,0.0000,0.0000,0
03/17/2016,20.575,-157.700,25.1968,0.0000,0.0000,0
03/18/2016,20.575,-157.700,24.8535,0.0000,0.0000,0
03/19/2016,20.575,-157.700,25.2596,0.0000,0.0000,0
03/20/2016,20.575,-157.700,25.0605,0.0000,0.0000,0
03/21/2016,20.575,-157.700,25.2448,0.0000,0.0000,0
03/22/2016,20.575,-157.700,24.8619,0.0000,0.0000,0
03/23/2016,20.575,-157.700,24.8686,0.0000,0.0000,0
03/24/2016,20.575,-157.700,25.4450,0.0000,0.0000,0
03/25/2016,20.575,-157.700,25.0022,0.0000,0.0000,0
03/26/2016,20.575,-157.700,25.1075,0.0000,0.0000,0
03/27/2016,20.575,-157.700,25.5491,0.0000,0.0000,0
03/28/2016,20.575,-157.700,25.6813,0.0000,0.0000,0
03/29/2016,20.575,-157.700,25.8925,0.0000,0.0000,0
03/30/2016,20.575,-157.700,25.6902,0.0000,0.0000,0
03/31/2016,20.575,-157.700,25.5355,0.0000,0.0000,0
04/01/2016,20.575,-157.700,25.4944,0.0000,0.0000,0
04/02/2016,20.575,-157.700,26.0032,0.0000,0.0000,0
04/03/2016,20.575,-157.700,25.4025,0.0000,0.0000,0
04/04/2016,20.575,-157.700,25.6437,0.0000,0.0000,0
04/05/2016,20.575,-157.700,25.5347,0.0000,0.0000,0
04/06/2016,20.575,-157.700,25.5061,0.0000,0.0000,0
04/07/2016,20.575,-157.700,25.4605,0.0000,0.0000,0
04/08/2016,20.575,-157.700,25.4809,0.0000,0.0000,0
04/09/2016,20.575,-157.700,25.8974,0.0000,0.0000,0
04/10/2016,20.575,-157.700,25.4580,0.0000,0.0000,0
04/11/2016,20.575,-157.700,25.3198,0.0000,0.0000,0
04/12/2016,20.575,-157.700,25.6636,0.0000,0.0000,0
04/13/2016,20.575,-157.700,25.6964,0.0000,0.0000,0
04/14/2016,20.575,-157.700,25.1922,0.0000,0.0000,0
04/15/2016,20.575,-157.700,25.2407,0.0000,0.0000,0
04/16/2016,20.575,-157.700,25.7192,0.0000,0.0000,0
04/17/2016,20.575,-157.700,25.2074,0.0000,0.0000,0
04/18/2016,20.575,-157.700,25.7113,0.0000,0.0000,0
04/19/2016,20.575,-157.700,25.2372,0.0000,0.0000,0
04/20/2016,20.575,-157.700,25.4002,0.0000,0.0000,0
04/21/2016,20.575,-157.700,25.4109,0.0000,0.0000,0
04/22/2016,20.575,-157.700,25.5049,0.0000,0.0000,0
04/23/2016,20.575,-157.700,25.4767,0.0000,0.0000,0
04/24/2016,20.575,-157.700,25.3545,0.0000,0.0000,0
04/25/2016,20.575,-157.700,25.2064,0.0000,0.0000,0
04/26/2016,20.575,-157.700,25.8002,0.0000,0.0000,0
04/27/2016,20.575,-157.700,25.8685,0.0000,0.0000,0
04/28/2016,20.575,-157.700,25.8545,0.0000,0.0000,0
04/29/2016,20.575,-157.700,25.8458,0.0000,0.0000,0
04/30/2016,20.575,-157.700,25.8299,0.0000,0.0000,0
05/01/2016,20.575,-157.700,25.7123,0.0000,0.0000,0
05/02/2016,20.575,-157.700,25.9587,0.0000,0.0000,0
05/03/2016,20.575,-157.700,25.7868,0.0000,0.0000,0
05/04/2016,20.575,-157.700,25.3459,0.0000,0.0000,0
05/05/2016,20.575,-157.700,25.7116,0.0000,0.0000,0
05/06/2016,20.575,-157.700,25.9842,0.0000,0.0000,0
05/07/2016,20.575,-157.700,25.5346,0.0000,0.0000,0
05/08/2016,20.575,-157.700,25.8100,0.0000,0.0000,0
05/09/2016,20.575,-157.700,25.4448,0.0000,0.0000,0
05/10/2016,20.575,-157.700,25.6215,0.0000,0.0000,0
05/11/2016,20.575,-157.700,25.9715,0.0000,0.0000,0
05/12/2016,20.575,-157.700,25.6593,0.0000,0.0000,0
05/13/2016,20.575,-157.700,25.5441,0.0000,0.0000,0
05/14/2016,20.575,-157.700,25.3834,0.0000,0.0000,0
05/15/2016,20.575,-157.700,25.8720,0.0000,0.0000,0
05/16/2016,20.575,-157.700,25.5842,0.0000,0.0000,0
05/17/2016,20.575,-157.700,25.7303,0.0000,0.0000,0
05/18/2016,20.575,-157.700,25.6784,0.0000,0.0000,0
05/19/2016,20.575,-157.700,26.0878,0.0000,0.0000,0
05/20/2016,20.575,-157.700,26.1428,0.0000,0.0000,0
05/21/2016,20.575,-157.700,25.6869,0.0000,0.0000,0
05/22/2016,20.575,-157.700,25.7962,0.0000,0.0000,0
05/23/2016,20.575,-157.700,25.7831,0.0000,0.0000,0
05/24/2016,20.575,-157.700,26.1849,0.0000,0.0000,0
05/25/2016,20.575,-157.700,25.7666,0.0000,0.0000,0
05/26/2016,20.575,-157.700,25.9550,0.0000,0.0000,0
05/27/2016,20.575,-157.700,25.8078,0.0000,0.0000,0
05/28/2016,20.575,-157.700,26.2755,0.0000,0.0000,0
05/29/2016,20.575,-157.700,26.5444,0.0000,0.0000,0
05/30/2016,20.575,-157.700,26.6335,0.0000,0.0000,0
05/31/2016,20.575,-157.700,26.2708,0.0000,0.0000,0
06/01/2016,20.575,-157.700,26.5921,0.0000,0.0000,0
06/02/2016,20.575,-157.700,26.3063,0.0000,0.0000,0
06/03/2016,20.575,-157.700,25.9898,0.0000,0.0000,0
06/04/2016,20.575,-157.700,25.9375,0.0000,0.0000,0
06/05/2016,20.575,-157.700,26.6509,0.0000,0.0000,0
06/06/2016,20.575,-157.700,26.8721,0.0000,0.0000,0
06/07/2016,20.575,-157.700,26.8209,0.0000,0.0000,0
06/08/2016,20.575,-157.700,26.6158,0.0000,0.0000,0
06/09/2016,20.575,-157.700,26.7298,0.0000,0.0000,0
06/10/2016,20.575,-157.700,26.6450,0.0000,0.0000,0
06/11/2016,20.575,-157.700,26.7352,0.0000,0.0000,0
06/12/2016,20.575,-157.700,26.6993,0.0000,0.0000,0
06/13/2016,20.575,-157.700,26.7185,0.0000,0.0000,0
06/14/2016,20.575,-157.700,26.8238,0.0000,0.0000,0
06/15/2016,20.575,-157.700,26.7380,0.0000,0.0000,0
06/16/2016,20.575,-157.700,26.7266,0.0000,0.0000,0
06/17/2016,20.575,-157.700,26.6110,0.0000,0.0000,0
06/18/2016,20.575,-157.700,25.9669,0.0000,0.0000,0
06/19/2016,20.575,-157.700,25.9564,0.0000,0.0000,0
06/20/2016,20.575,-157.700,26.0277,0.0000,0.0000,0
06/21/2016,20.575,-157.700,26.1316,0.0000,0.0000,0
06/22/2016,20.575,-157.700,26.6865,0.0000,0.0000,0
06/23/2016,20.575,-157.700,26.8634,0.0000,0.0000,0
06/24/2016,20.575,-157.700,26.8401,0.0000,0.0000,0
06/25/2016,20.575,-157.700,26.7563,0.0000,0.0000,0
06/26/2016,20.575,-157.700,26.1845,0.0000,0.0000,0
06/27/2016,20.575,-157.700,26.8425,0.0000,0.0000,0
06/28/2016,20.575,-157.700,26.5828,0.0000,0.0000,0
06/29/2016,20.575,-157.700,26.8259,0.0000,0.0000,0
06/30/2016,20.575,-157.700,26.6838,0.0000,0.0000,0
07/01/2016,20.575,-157.700,26.6020,0.0000,0.0000,0
07/02/2016,20.575,-157.700,26.2563,0.0000,0.0000,0
07/03/2016,20.575,-157.700,26.7827,0.0000,0.0000,0
07/04/2016,20.575,-157.700,26.9018,0.0000,0.0000,0
07/05/2016,20.575,-157.700,26.9031,0.0000,0.0000,0
07/06/2016,20.575,-157.700,26.3547,0.0000,0.0000,0
07/07/2016,20.575,-157.700,26.7499,0.0000,0.0000,0
07/08/2016,20.575,-157.700,26.9283,0.0000,0.0000,0
07/09/2016,20.575,-157.700,26.8790,0.0000,0.0000,0
07/10/2016,20.575,-157.700,26.8457,0.0000,0.0000,0
07/11/2016,20.575,-157.700,26.7040,0.0000,0.0000,0
07/12/2016,20.575,-157.700,26.8341,0.0000,0.0000,0
07/13/2016,20.575,-157.700,26.9728,0.0000,0.0000,0
07/14/2016,20.575,-157.700,26.6809,0.0156,0.0000,1
07/15/2016,20.575,-157.700,27.4023,0.2070,0.0000,1
07/16/2016,20.575,-157.700,27.3039,0.0921,0.0000,1
07/17/2016,20.575,-157.700,27.3254,0.0988,0.0000,1
07/18/2016,20.575,-157.700,27.2165,0.0192,0.0000,1
07/19/2016,20.575,-157.700,27.5034,0.3236,0.0000,1
07/20/2016,20.575,-157.700,27.3820,0.2851,0.0000,1
07/21/2016,20.575,-157.700,27.4537,0.2685,0.0000,1
07/22/2016,20.575,-157.700,27.3131,0.1589,0.0000,1
07/23/2016,20.575,-157.700,26.8651,0.0471,0.0000,1
07/24/2016,20.575,-157.700,26.7354,0.0200,0.0000,1
07/25/2016,20.575,-157.700,27.1680,0.3241,0.0000,1
07/26/2016,20.575,-157.700,27.5100,0.4297,0.0000,1
07/27/2016,20.575,-157.700,27.2836,0.3069,0.0000,1
07/28/2016,20.575,-157.700,27.0789,0.1830,0.0000,1
07/29/2016,20.575,-157.700,27.5152,0.2023,0.0000,1
07/30/2016,20.575,-157.700,27.4600,0.2217,0.0000,1
07/31/2016,20.575,-157.700,27.4197,0.1797,0.0000,1
08/01/2016,20.575,-157.700,27.4457,0.4311,0.0000,1
08/02/2016,20.575,-157.700,27.1439,0.4027,0.0000,1
08/03/2016,20.575,-157.700,27.0700,0.3425,0.0000,1
08/04/2016,20.575,-157.700,27.1835,0.3396,0.0000,1
08/05/2016,20.575,-157.700,27.5747,0.3575,0.0000,1
08/06/2016,20.575,-157.700,27.0448,0.3477,0.0000,1
08/07/2016,20.575,-157.700,27.0660,0.3204,0.0000,1
08/08/2016,20.575,-157.700,27.2286,0.4395,0.0000,1
08/09/2016,20.575,-157.700,27.1251,0.4618,0.0000,1
08/10/2016,20.575,-157.700,27.3144,0.5624,0.0000,1
08/11/2016,20.575,-157.700,27.1405,0.4888,0.0000,1
08/12/2016,20.575,-157.700,27.2296,0.5020,0.0000,1
08/13/2016,20.575,-157.700,27.0194,0.3664,0.0000,1
08/14/2016,20.575,-157.700,27.2555,0.3781,0.0000,1
08/15/2016,20.575,-157.700,27.6705,0.4850,0.0000,1
08/16/2016,20.575,-157.700,27.0964,0.4318,0.0000,1
08/17/2016,20.575,-157.700,27.4418,0.5157,0.0000,1
08/18/2016,20.575,-157.700,27.8745,0.6421,0.0000,1
08/19/2016,20.575,-157.700,27.6108,0.6638,0.0000,1
08/20/2016,20.575,-157.700,27.8083,0.6767,0.0000,1
08/21/2016,20.575,-157.700,27.8801,0.6603,0.0000,1
08/22/2016,20.575,-157.700,27.9916,0.7489,0.0000,1
08/23/2016,20.575,-157.700,27.8990,0.7428,0.0000,1
08/24/2016,20.575,-157.700,27.9740,0.8238,0.0000,1
08/25/2016,20.575,-157.700,27.9538,0.9733,0.0000,1
08/26/2016,20.575,-157.700,28.1606,0.9401,0.0000,1
08/27/2016,20.575,-157.700,28.0310,0.8402,0.0000,1
08/28/2016,20.575,-157.700,27.6329,0.7852,0.0000,1
08/29/2016,20.575,-157.700,27.5931,0.7261,0.0000,1
08/30/2016,20.575,-157.700,27.6451,0.7373,0.0000,1
08/31/2016,20.575,-157.700,27.8320,0.7276,0.0000,1
09/01/2016,20.575,-157.700,27.6301,0.9236,0.0000,1
09/02/2016,20.575,-157.700,27.4457,0.6994,0.0000,1
09/03/2016,20.575,-157.700,27.3840,0.6564,0.0000,1
09/04/2016,20.575,-157.700,27.5291,0.6248,0.0000,1
09/05/2016,20.575,-157.700,27.8648,0.6191,0.0000,1
09/06/2016,20.575,-157.700,27.9406,0.6995,0.0000,1
09/07/2016,20.575,-157.700,27.3103,0.6341,0.0000,1
09/08/2016,20.575,-157.700,27.4824,0.6648,0.0000,1
09/09/2016,20.575,-157.700,27.8104,0.6627,0.0000,1
09/10/2016,20.575,-157.700,27.8097,0.6619,0.0000,1
09/11/2016,20.575,-157.700,27.6083,0.4981,0.0000,1
09/12/2016,20.575,-157.700,27.9302,0.7295,0.0000,1
09/13/2016,20.575,-157.700,27.9176,0.6705,0.0000,1
09/14/2016,20.575,-157.700,27.8879,0.6550,0.0000,1
09/15/2016,20.575,-157.700,27.3991,0.7433,0.0000,1
09/16/2016,20.575,-157.700,27.9300,0.7181,0.0000,1
09/17/2016,20.575,-157.700,27.7175,0.6959,0.0000,1
09/18/2016,20.575,-157.700,27.6008,0.5764,0.0000,1
09/19/2016,20.575,-157.700,27.8159,0.5689,0.0000,1
09/20/2016,20.575,-157.700,27.4898,0.3951,0.0000,1
09/21/2016,20.575,-157.700,27.7517,0.5192,0.0000,1
09/22/2016,20.575,-157.700,27.1663,0.4736,0.0000,1
09/23/2016,20.575,-157.700,27.8589,0.5045,0.0000,1
09/24/2016,20.575,-157.700,27.8537,0.6096,0.0000,1
09/25/2016,20.575,-157.700,27.8641,0.7032,0.0000,1
09/26/2016,20.575,-157.700,27.8861,0.7223,0.0000,1
09/27/2016,20.575,-157.700,27.8152,0.6792,0.0000,1
09/28/2016,20.575,-157.700,27.7893,0.5775,0.0000,1
09/29/2016,20.575,-157.700,27.7873,0.4789,0.0000,1
09/30/2016,20.575,-157.700,27.6367,0.4773,0.0000,1
10/01/2016,20.575,-157.700,27.2724,0.3537,0.0000,1
10/02/2016,20.575,-157.700,27.7311,0.4007,0.0000,1
10/03/2016,20.575,-157.700,27.4558,0.2074,0.0000,1
10/04/2016,20.575,-157.700,27.5077,0.3363,0.0000,1
10/05/2016,20.575,-157.700,27.6317,0.4051,0.0000,1
10/06/2016,20.575,-157.700,27.5326,0.3671,0.0000,1
10/07/2016,20.575,-157.700,27.6332,0.4405,0.0000,1
10/08/2016,20.575,-157.700,27.5639,0.4031,0.0000,1
10/09/2016,20.575,-157.700,27.8065,0.4793,0.0000,1
10/10/2016,20.575,-157.700,27.4141,0.4977,0.0000,1
10/11/2016,20.575,-157.700,27.5681,0.4116,0.0000,1
10/12/2016,20.575,-157.700,27.5450,0.4350,0.0000,1
10/13/2016,20.575,-157.700,27.6191,0.3790,0.0000,1
10/14/2016,20.575,-157.700,27.4683,0.3737,0.0000,1
10/15/2016,20.575,-157.700,27.2484,0.4266,0.0000,1
10/16/2016,20.575,-157.700,27.5085,0.3340,0.0000,1
10/17/2016,20.575,-157.700,27.7048,0.3326,0.0000,1
10/18/2016,20.575,-157.700,27.4511,0.3437,0.0000,1
10/19/2016,20.575,-157.700,27.6136,0.4014,0.0000,1
10/20/2016,20.575,-157.700,27.8671,0.4950,0.0000,1
10/21/2016,20.575,-157.700,27.4481,0.2920,0.0000,1
10/22/2016,20.575,-157.700,27.5382,0.2251,0.0000,1
10/23/2016,20.575,-157.700,27.3277,0.1564,0.0000,1
10/24/2016,20.575,-157.700,27.1029,0.0033,0.0000,1
10/25/2016,20.575,-157.700,26.9566,0.0000,0.0000,1
10/26/2016,20.575,-157.700,27.2926,0.0365,0.0000,1
10/27/2016,20.575,-157.700,27.0809,0.0000,0.0000,1
10/28/2016,20.575,-157.700,26.9604,0.0000,0.0000,1
10/29/2016,20.575,-157.700,26.9092,0.0000,0.0000,1
10/30/2016,20.575,-157.700,27.0594,0.0000,0.0000,1
10/31/2016,20.575,-157.700,26.8957,0.0000,0.0000,1
11/01/2016,20.575,-157.700,26.9814,0.0000,0.0000,1
11/02/2016,20.575,-157.700,26.8359,0.0000,0.0000,0
11/03/2016,20.575,-157.700,26.9291,0.0000,0.0000,0
11/04/2016,20.575,-157.700,26.7944,0.0000,0.0000,0
11/05/2016,20.575,-157.700,26.8929,0.0000,0.0000,0
11/06/2016,20.575,-157.700,26.8173,0.0000,0.0000,0
11/07/2016,20.575,-157.700,26.8398,0.0000,0.0000,0
11/08/2016,20.575,-157.700,26.1674,0.0000,0.0000,0
11/09/2016,20.575,-157.700,26.6734,0.0000,0.0000,0
11/10/2016,20.575,-157.700,26.9315,0.0000,0.0000,0
11/11/2016,20.575,-157.700,26.9163,0.0000,0.0000,0
11/12/2016,20.575,-157.700,26.2914,0.0000,0.0000,0
11/13/2016,20.575,-157.700,26.7489,0.0000,0.0000,0
11/14/2016,20.575,-157.700,26.8630,0.0000,0.0000,0
11/15/2016,20.575,-157.700,26.8170,0.0000,0.0000,0
11/16/2016,20.575,-157.700,26.7698,0.0000,0.0000,0
11/17/2016,20.575,-157.700,26.7262,0.0000,0.0000,0
11/18/2016,20.575,-157.700,26.6503,0.0000,0.0000,0
11/19/2016,20.575,-157.700,26.2853,0.0000,0.0000,0
11/20/2016,20.575,-157.700,26.3564,0.0000,0.0000,0
11/21/2016,20.575,-157.700,26.5908,0.0000,0.0000,0
11/22/2016,20.575,-157.700,26.3933,0.0000,0.0000,0
11/23/2016,20.575,-157.700,26.4830,0.0000,0.0000,0
11/24/2016,20.575,-157.700,26.0058,0.0000,0.0000,0
11/25/2016,20.575,-157.700,26.0965,0.0000,0.0000,0
11/26/2016,20.575,-157.700,25.8286,0.0000,0.0000,0
11/27/2016,20.575,-157.700,26.0952,0.0000,0.0000,0
11/28/2016,20.575,-157.700,26.0811,0.0000,0.0000,0
11/29/2016,20.575,-157.700,26.2714,0.0000,0.0000,0
11/30/2016,20.575,-157.700,25.9814,0.0000,0.0000,0
12/01/2016,20.575,-157.700,25.8706,0.0000,0.0000,0
12/02/2016,20.575,-157.700,25.5274,0.0000,0.0000,0
12/03/2016,20.575,-157.700,25.8699,0.0000,0.0000,0
12/04/2016,20.575,-157.700,25.8960,0.0000,0.0000,0
12/05/2016,20.575,-157.700,26.1444,0.0000,0.0000,0
12/06/2016,20.575,-157.700,26.0852,0.0000,0.0000,0
12/07/2016,20.575,-157.700,25.8507,0.0000,0.0000,0
12/08/2016,20.575,-157.700,25.8679,0.0000,0.0000,0
12/09/2016,20.575,-157.700,25.4150,0.0000,0.0000,0
12/10/2016,20.575,-157.700,25.5669,0.0000,0.0000,0
12/11/2016,20.575,-157.700,25.4952,0.0000,0.0000,0
12/12/2016,20.575,-157.700,25.6577,0.0000,0.0000,0
12/13/2016,20.575,-157.700,25.8176,0.0000,0.0000,0
12/14/2016,20.575,-157.700,25.8629,0.0000,0.0000,0
12/15/2016,20.575,-157.700,25.3446,0.0000,0.0000,0
12/16/2016,20.575,-157.700,25.3682,0.0000,0.0000,0
12/17/2016,20.575,-157.700,25.4710,0.0000,0.0000,0
12/18/2016,20.575,-157.700,25.2947,0.0000,0.0000,0
12/19/2016,20.575,-157.700,25.4789,0.0000,0.0000,0
12/20/2016,20.575,-157.700,25.4815,0.0000,0.0000,0
12/21/2016,20.575,-157.700,25.8586,0.0000,0.0000,0
12/22/2016,20.575,-157.700,25.6692,0.0000,0.0000,0
12/23/2016,20.575,-157.700,25.7110,0.0000,0.0000,0
12/24/2016,20.575,-157.700,25.7638,0.0000,0.0000,0
12/25/2016,20.575,-157.700,25.7143,0.0000,0.0000,0
12/26/2016,20.575,-157.700,25.2576,0.0000,0.0000,0
12/27/2016,20.575,-157.700,25.4364,0.0000,0.0000,0
12/28/2016,20.575,-157.700,25.2882,0.0000,0.0000,0
12/29/2016,20.575,-157.700,24.9273,0.0000,0.0000,0
12/30/2016,20.575,-157.700,24.7666,0.0000,0.0000,0
12/31/2016,20.575,-157.700,24.6932,0.0000,0.0000,0
01/01/2017,20.575,-157.700,24.9867,0.0000,0.0000,0
01/02/2017,20.575,-157.700,24.6835,0.0000,0.0000,0
01/03/2017,20.575,-157.700,25.2668,0.0000,0.0000,0
01/04/2017,20.575,-157.700,24.6541,0.0000,0.0000,0
01/05/2017,20.575,-157.700,25.2237,0.0000,0.0000,0
01/06/2017,20.575,-157.700,25.3426,0.0000,0.0000,0
01/07/2017,20.575,-157.700,25.3146,0.0000,0.0000,0
01/08/2017,20.575,-157.700,25.1895,0.0000,0.0000,0
01/09/2017,20.575,-157.700,24.9632,0.0000,0.0000,0
01/10/2017,20.575,-157.700,24.5524,0.0000,0.0000,0
01/11/2017,20.575,-157.700,25.1513,0.0000,0.0000,0
01/12/2017,20.575,-157.700,24.9120,0.0000,0.0000,0
01/13/2017,20.575,-157.700,25.0636,0.0000,0.0000,0
01/14/2017,20.575,-157.700,25.2392,0.0000,0.0000,0
01/15/2017,20.575,-157.700,25.2750,0.0000,0.0000,0
01/16/2017,20.575,-157.700,25.3695,0.0000,0.0000,0
01/17/2017,20.575,-157.700,25.3650,0.0000,0.0000,0
01/18/2017,20.575,-157.700,25.1710,0.0000,0.0000,0
01/19/2017,20.575,-157.700,25.2518,0.0000,0.0000,0
01/20/2017,20.575,-157.700,25.0398,0.0000,0.0000,0
01/21/2017,20.575,-157.700,25.1235,0.0000,0.0000,0
01/22/2017,20.575,-157.700,25.0983,0.0000,0.0000,0
01/23/2017,20.575,-157.700,24.4562,0.0000,0.0000,0
01/24/2017,20.575,-157.700,24.8542,0.0000,0.0000,0
01/25/2017,20.575,-157.700,25.1095,0.0000,0.0000,0
01/26/2017,20.575,-157.700,25.1430,0.0000,0.0000,0
01/27/2017,20.575,-157.700,25.1433,0.0000,0.0000,0
01/28/2017,20.575,-157.700,25.1304,0.0000,0.0000,0
01/29/2017,20.575,-157.700,25.1897,0.0000,0.0000,0
01/30/2017,20.575,-157.700,24.8782,0.0000,0.0000,0
01/31/2017,20.575,-157.700,24.3939,0.0000,0.0000,0
02/01/2017,20.575,-157.700,24.2292,0.0000,0.0000,0
02/02/2017,20.575,-157.700,24.5899,0.0000,0.0000,0
02/03/2017,20.575,-157.700,24.4748,0.0000,0.0000,0
02/04/2017,20.575,-157.700,24.8020,0.0000,0.0000,0
02/05/2017,20.575,-157.700,24.4566,0.0000,0.0000,0
02/06/2017,20.575,-157.700,25.1008,0.0000,0.0000,0
02/07/2017,20.575,-157.700,25.0271,0.0000,0.0000,0
02/08/2017,20.575,-157.700,24.5418,0.0000,0.0000,0
02/09/2017,20.575,-157.700,24.4399,0.0000,0.0000,0
02/10/2017,20.575,-157.700,24.5061,0.0000,0.0000,0
02/11/2017,20.575,-157.700,24.4936,0.0000,0.0000,0
02/12/2017,20.575,-157.700,25.0388,0.0000,0.0000,0
02/13/2017,20.575,-157.700,25.0538,0.0000,0.0000,0
02/14/2017,20.575,-157.700,24.8042,0.0000,0.0000,0
02/15/2017,20.575,-157.700,24.6264,0.0000,0.0000,0
02/16/2017,20.575,-157.700,25.0383,0.0000,0.0000,0
02/17/2017,20.575,-157.700,24.4516,0.0000,0.0000,0
02/18/2017,20.575,-157.700,24.7316,0.0000,0.0000,0
02/19/2017,20.575,-157.700,25.3873,0.0000,0.0000,0
02/20/2017,20.575,-157.700,25.1184,0.0000,0.0000,0
02/21/2017,20.575,-157.700,24.4821,0.0000,0.0000,0
02/22/2017,20.575,-157.700,24.4413,0.0000,0.0000,0
02/23/2017,20.575,-157.700,24.5212,0.0000,0.0000,0
02/24/2017,20.575,-157.700,24.5137,0.0000,0.0000,0
02/25/2017,20.575,-157.700,24.8911,0.0000,0.0000,0
02/26/2017,20.575,-157.700,24.3675,0.0000,0.0000,0
02/27/2017,20.575,-157.700,24.8756,0.0000,0.0000,0
02/28/2017,20.575,-157.700,24.4233,0.0000,0.0000,0
03/01/2017,20.575,-157.700,24.2943,0.0000,0.0000,0
03/02/2017,20.575,-157.700,24.9737,0.0000,0.0000,0
03/03/2017,20.575,-157.700,25.0632,0.0000,0.0000,0
03/04/2017,20.575,-157.700,24.8900,0.0000,0.0000,0
03/05/2017,20.575,-157.700,25.0702,0.0000,0.0000,0
03/06/2017,20.575,-157.700,25.0536,0.0000,0.0000,0
03/07/2017,20.575,-157.700,25.0538,0.0000,0.0000,0
03/08/2017,20.575,-157.700,25.2303,0.0000,0.0000,0
03/09/2017,20.575,-157.700,24.9889,0.0000,0.0000,0
03/10/2017,20.575,-157.700,24.9224,0.0000,0.0000,0
03/11/2017,20.575,-157.700,24.9823,0.0000,0.0000,0
03/12/2017,20.575,-157.700,25.3907,0.0000,0.0000,0
03/13/2017,20.575,-157.700,25.1524,0.0000,0.0000,0
03/14/2017,20.575,-157.700,25.1196,0.0000,0.0000,0
03/15/2017,20.575,-157.700,25.5497,0.0000,0.0000,0
03/16/2017,20.575,-157.700,25.6541,0.0000,0.0000,0
03/17/2017,20.575,-157.700,25.5377,0.0000,0.0000,0
03/18/2017,20.575,-157.700,25.4490,0.0000,0.0000,0
03/19/2017,20.575,-157.700,25.5986,0.0000,0.0000,0
03/20/2017,20.575,-157.700,25.0388,0.0000,0.0000,0
03/21/2017,20.575,-157.700,25.6446,0.0000,0.0000,0
03/22/2017,20.575,-157.700,25.1805,0.0000,0.0000,0
03/23/2017,20.575,-157.700,25.1285,0.0000,0.0000,0
03/24/2017,20.575,-157.700,25.0742,0.0000,0.0000,0
03/25/2017,20.575,-157.700,25.6853,0.0000,0.0000,0
03/26/2017,20.575,-157.700,25.4898,0.0000,0.0000,0
03/27/2017,20.575,-157.700,25.5339,0.0000,0.0000,0
03/28/2017,20.575,-157.700,25.1487,0.0000,0.0000,0
03/29/2017,20.575,-157.700,25.3915,0.0000,0.0000,0
03/30/2017,20.575,-157.700,25.4705,0.0000,0.0000,0
03/31/2017,20.575,-157.700,25.1607,0.0000,0.0000,0
04/01/2017,20.575,-157.700,25.7122,0.0000,0.0000,0
04/02/2017,20.575,-157.700,25.6234,0.0000,0.0000,0
04/03/2017,20.575,-157.700,25.5376,0.0000,0.0000,0
04/04/2017,20.575,-157.700,25.5321,0.0000,0.0000,0
04/05/2017,20.575,-157.700,25.6634,0.0000,0.0000,0
04/06/2017,20.575,-157.700,25.6508,0.0000,0.0000,0
04/07/2017,20.575,-157.700,25.2171,0.0000,0.0000,0
04/08/2017,20.575,-157.700,25.4030,0.0000,0.0000,0
04/09/2017,20.575,-157.700,25.6131,0.0000,0.0000,0
04/10/2017,20.575,-157.700,25.8333,0.0000,0.0000,0
04/11/2017,20.575,-157.700,25.7578,0.0000,0.0000,0
04/12/2017,20.575,-157.700,25.7411,0.0000,0.0000,0
04/13/2017,20.575,-157.700,25.6771,0.0000,0.0000,0
04/14/2017,20.575,-157.700,25.7241,0.0000,0.0000,0
04/15/2017,20.575,-157.700,25.3405,0.0000,0.0000,0
04/16/2017,20.575,-157.700,25.9722,0.0000,0.0000,0
04/17/2017,20.575,-157.700,25.4457,0.0000,0.0000,0
04/18/2017,20.575,-157.700,25.2384,0.0000,0.0000,0
04/19/2017,20.575,-157.700,25.3687,0.0000,0.0000,0
04/20/2017,20.575,-157.700,25.5098,0.0000,0.0000,0
04/21/2017,20.575,-157.700,25.4333,0.0000,0.0000,0
04/22/2017,20.575,-157.700,25.2854,0.0000,0.0000,0
04/23/2017,20.575,-157.700,25.3035,0.0000,0.0000,0
04/24/2017,20.575,-157.700,25.3401,0.0000,0.0000,0
04/25/2017,20.575,-157.700,25.4711,0.0000,0.0000,0
04/26/2017,20.575,-157.700,25.6024,0.0000,0.0000,0
04/27/2017,20.575,-157.700,25.8704,0.0000,0.0000,0
04/28/2017,20.575,-157.700,26.1387,0.0000,0.0000,0
04/29/2017,20.575,-157.700,26.0129,0.0000,0.0000,0
04/30/2017,20.575,-157.700,25.4268,0.0000,0.0000,0
05/01/2017,20.575,-157.700,25.3784,0.0000,0.0000,0
05/02/2017,20.575,-157.700,26.0980,0.0000,0.0000,0
05/03/2017,20.575,-157.700,26.3202,0.0000,0.0000,0
05/04/2017,20.575,-157.700,26.0540,0.0000,0.0000,0
05/05/2017,20.575,-157.700,26.1968,0.0000,0.0000,0
05/06/2017,20.575,-157.700,25.5388,0.0000,0.0000,0
05/07/2017,20.575,-157.700,25.5076,0.0000,0.0000,0
05/08/2017,20.575,-157.700,25.6447,0.0000,0.0000,0
05/09/2017,20.575,-157.700,26.2563,0.0000,0.0000,0
05/10/2017,20.575,-157.700,26.3035,0.0000,0.0000,0
05/11/2017,20.575,-157.700,26.1443,0.0000,0.0000,0
05/12/2017,20.575,-157.700,26.2062,0.0000,0.0000,0
05/13/2017,20.575,-157.700,26.0205,0.0000,0.0000,0
05/14/2017,20.575,-157.700,26.3602,0.0000,0.0000,0
05/15/2017,20.575,-157.700,26.3214,0.0000,0.0000,0
05/16/2017,20.575,-157.700,25.8728,0.0000,0.0000,0
05/17/2017,20.575,-157.700,25.7851,0.0000,0.0000,0
05/18/2017,20.575,-157.700,25.9713,0.0000,0.0000,0
05/19/2017,20.575,-157.700,26.0007,0.0000,0.0000,0
05/20/2017,20.575,-157.700,26.3177,0.0000,0.0000,0
05/21/2017,20.575,-157.700,26.1364,0.0000,0.0000,0
05/22/2017,20.575,-157.700,26.4159,0.0000,0.0000,0
05/23/2017,20.575,-157.700,26.3745,0.0000,0.0000,0
05/24/2017,20.575,-157.700,26.1100,0.0000,0.0000,0
05/25/2017,20.575,-157.700,26.2245,0.0000,0.0000,0
05/26/2017,20.575,-157.700,25.9618,0.0000,0.0000,0
05/27/2017,20.575,-157.700,25.9443,0.0000,0.0000,0
05/28/2017,20.575,-157.700,26.4125,0.0000,0.0000,0
05/29/2017,20.575,-157.700,26.5029,0.0000,0.0000,0
05/30/2017,20.575,-157.700,26.5409,0.0000,0.0000,0
05/31/2017,20.575,-157.700,26.6509,0.0000,0.0000,0
06/01/2017,20.575,-157.700,26.5274,0.0000,0.0000,0
06/02/2017,20.575,-157.700,26.2901,0.0000,0.0000,0
06/03/2017,20.575,-157.700,26.4790,0.0000,0.0000,0
06/04/2017,20.575,-157.700,26.5538,0.0000,0.0000,0
06/05/2017,20.575,-157.700,26.6032,0.0000,0.0000,0
06/06/2017,20.575,-157.700,26.6460,0.0000,0.0000,0
06/07/2017,20.575,-157.700,25.9451,0.0000,0.0000,0
06/08/2017,20.575,-157.700,26.6219,0.0000,0.0000,0
06/09/2017,20.575,-157.700,26.7877,0.0000,0.0000,0
06/10/2017,20.575,-157.700,26.2512,0.0000,0.0000,0
06/11/2017,20.575,-157.700,26.3735,0.0000,0.0000,0
06/12/2017,20.575,-157.700,26.2735,0.0000,0.0000,0
06/13/2017,20.575,-157.700,26.9798,0.0000,0.0000,0
06/14/2017,20.575,-157.700,27.0275,0.0000,0.0000,0
06/15/2017,20.575,-157.700,26.9764,0.0000,0.0000,0
06/16/2017,20.575,-157.700,26.9019,0.0000,0.0000,0
06/17/2017,20.575,-157.700,27.0245,0.0000,0.0000,0
06/18/2017,20.575,-157.700,26.9941,0.0000,0.0000,0
06/19/2017,20.575,-157.700,27.0263,0.0000,0.0000,0
06/20/2017,20.575,-157.700,27.0375,0.0000,0.0000,0
06/21/2017,20.575,-157.700,26.9764,0.0000,0.0000,0
06/22/2017,20.575,-157.700,27.0868,0.0000,0.0000,0
06/23/2017,20.575,-157.700,26.9872,0.0000,0.0000,0
06/24/2017,20.575,-157.700,27.0320,0.0000,0.0000,0
06/25/2017,20.575,-157.700,26.9675,0.0000,0.0000,0
06/26/2017,20.575,-157.700,26.5704,0.0000,0.0000,0
06/27/2017,20.575,-157.700,26.3845,0.0000,0.0000,0
06/28/2017,20.575,-157.700,26.9490,0.0000,0.0000,0
06/29/2017,20.575,-157.700,26.5886,0.0000,0.0000,0
06/30/2017,20.575,-157.700,26.8425,0.0000,0.0000,0
07/01/2017,20.575,-157.700,27.1192,0.0000,0.0000,0
07/02/2017,20.575,-157.700,27.0795,0.0000,0.0000,0
07/03/2017,20.575,-157.700,27.1637,0.0000,0.0000,0
07/04/2017,20.575,-157.700,27.1606,0.0000,0.0000,0
07/05/2017,20.575,-157.700,27.0361,0.0000,0.0000,0
07/06/2017,20.575,-157.700,27.0786,0.0000,0.0000,0
07/07/2017,20.575,-157.700,27.0986,0.0000,0.0000,0
07/08/2017,20.575,-157.700,27.0989,0.0000,0.0000,0
07/09/2017,20.575,-157.700,27.1392,0.0000,0.0000,0
07/10/2017,20.575,-157.700,27.0714,0.0139,0.0000,1
07/11/2017,20.575,-157.700,27.2870,0.0523,0.0000,1
07/12/2017,20.575,-157.700,27.4312,0.2235,0.0000,1
07/13/2017,20.575,-157.700,27.4763,0.2592,0.0000,1
07/14/2017,20.575,-157.700,27.4189,0.2651,0.0000,1
07/15/2017,20.575,-157.700,27.4099,0.2701,0.0000,1
07/16/2017,20.575,-157.700,27.3483,0.1909,0.0000,1
07/17/2017,20.575,-157.700,27.3932,0.2394,0.0000,1
07/18/2017,20.575,-157.700,27.2992,0.1527,0.0000,1
07/19/2017,20.575,-157.700,27.0222,0.1686,0.0000,1
07/20/2017,20.575,-157.700,26.8354,0.0700,0.0000,1
07/21/2017,20.575,-157.700,27.2437,0.1039,0.0000,1
07/22/2017,20.575,-157.700,27.3103,0.1178,0.0000,1
07/23/2017,20.575,-157.700,26.8580,0.1506,0.0000,1
07/24/2017,20.575,-157.700,27.4025,0.2152,0.0000,1
07/25/2017,20.575,-157.700,27.3802,0.1580,0.0000,1
07/26/2017,20.575,-157.700,27.1282,0.1567,0.0000,1
07/27/2017,20.575,-157.700,27.3114,0.2167,0.0000,1
07/28/2017,20.575,-157.700,27.3345,0.1259,0.0000,1
07/29/2017,20.575,-157.700,27.3261,0.1454,0.0000,1
07/30/2017,20.575,-157.700,27.3401,0.1762,0.0000,1
07/31/2017,20.575,-157.700,26.9195,0.0829,0.0000,1
08/01/2017,20.575,-157.700,26.8903,0.1703,0.0000,1
08/02/2017,20.575,-157.700,27.1658,0.2461,0.0000,1
08/03/2017,20.575,-157.700,26.8576,0.2606,0.0000,1
08/04/2017,20.575,-157.700,27.1922,0.3445,0.0000,1
08/05/2017,20.575,-157.700,27.0934,0.3411,0.0000,1
08/06/2017,20.575,-157.700,27.4847,0.3256,0.0000,1
08/07/2017,20.575,-157.700,27.3925,0.2476,0.0000,1
08/08/2017,20.575,-157.700,27.0737,0.3055,0.0000,1
08/09/2017,20.575,-157.700,27.5207,0.3374,0.0000,1
08/10/2017,20.575,-157.700,27.5059,0.3436,0.0000,1
08/11/2017,20.575,-157.700,27.1724,0.2972,0.0000,1
08/12/2017,20.575,-157.700,26.9631,0.2606,0.0000,1
08/13/2017,20.575,-157.700,27.1150,0.2318,0.0000,1
08/14/2017,20.575,-157.700,27.3660,0.1749,0.0000,1
08/15/2017,20.575,-157.700,27.3793,0.2402,0.0000,1
08/16/2017,20.575,-157.700,27.2874,0.2114,0.0000,1
08/17/2017,20.575,-157.700,27.4593,0.2741,0.0000,1
08/18/2017,20.575,-157.700,27.4275,0.3120,0.0000,1
08/19/2017,20.575,-157.700,27.5195,0.2908,0.0000,1
08/20/2017,20.575,-157.700,27.4740,0.3471,0.0000,1
08/21/2017,20.575,-157.700,27.5512,0.3135,0.0000,1
08/22/2017,20.575,-157.700,27.0340,0.3594,0.0000,1
08/23/2017,20.575,-157.700,27.1951,0.3646,0.0000,1
08/24/2017,20.575,-157.700,27.4488,0.2950,0.0000,1
08/25/2017,20.575,-157.700,27.3498,0.3784,0.0000,1
08/26/2017,20.575,-157.700,27.3578,0.4996,0.0000,1
08/27/2017,20.575,-157.700,27.4015,0.3729,0.0000,1
08/28/2017,20.575,-157.700,27.4390,0.4103,0.0000,1
08/29/2017,20.575,-157.700,27.5210,0.4214,0.0000,1
08/30/2017,20.575,-157.700,27.2971,0.4631,0.0000,1
08/31/2017,20.575,-157.700,27.1930,0.4591,0.0000,1
09/01/2017,20.575,-157.700,27.6175,0.4777,0.0000,1
09/02/2017,20.575,-157.700,27.5111,0.6004,0.0000,1
09/03/2017,20.575,-157.700,27.4821,0.6630,0.0000,1
09/04/2017,20.575,-157.700,27.8330,0.6773,0.0000,1
09/05/2017,20.575,-157.700,28.0025,0.7787,0.0000,1
09/06/2017,20.575,-157.700,28.0951,0.9098,0.0000,1
09/07/2017,20.575,-157.700,28.1906,1.0073,0.1439,2
09/08/2017,20.575,-157.700,28.0814,1.0037,0.2873,2
09/09/2017,20.575,-157.700,28.0663,0.8394,0.2873,2
09/10/2017,20.575,-157.700,27.9637,0.8189,0.2873,2
09/11/2017,20.575,-157.700,27.5720,0.8175,0.2873,2
09/12/2017,20.575,-157.700,28.0319,0.9338,0.2873,2
09/13/2017,20.575,-157.700,28.2072,1.1039,0.4450,2
09/14/2017,20.575,-157.700,27.9269,1.0963,0.6016,2
09/15/2017,20.575,-157.700,28.5143,1.3377,0.7927,2
09/16/2017,20.575,-157.700,28.4749,1.2778,0.9752,2
09/17/2017,20.575,-157.700,28.2390,1.1025,1.1327,2
09/18/2017,20.575,-157.700,28.2171,1.0909,1.2886,2
09/19/2017,20.575,-157.700,28.1955,0.9390,1.2886,2
09/20/2017,20.575,-157.700,28.0808,0.8328,1.2886,2
09/21/2017,20.575,-157.700,28.0342,0.8477,1.2886,2
09/22/2017,20.575,-157.700,27.9203,0.7780,1.2886,2
09/23/2017,20.575,-157.700,27.8481,0.7558,1.2886,2
09/24/2017,20.575,-157.700,27.9135,0.7125,1.2886,2
09/25/2017,20.575,-157.700,27.9355,0.7517,1.2886,1
09/26/2017,20.575,-157.700,27.9782,0.7419,1.2886,1
09/27/2017,20.575,-157.700,27.6774,0.7866,1.2886,1
09/28/2017,20.575,-157.700,27.5919,0.6844,1.2886,1
09/29/2017,20.575,-157.700,27.8552,0.6838,1.2886,1
09/30/2017,20.575,-157.700,27.3751,0.6801,1.2886,1
10/01/2017,20.575,-157.700,27.9026,0.7227,1.2886,1
10/02/2017,20.575,-157.700,28.0320,0.8941,1.2886,1
10/03/2017,20.575,-157.700,27.8284,0.8122,1.2886,1
10/04/2017,20.575,-157.700,27.8957,0.6917,1.2886,1
10/05/2017,20.575,-157.700,27.5263,0.7373,1.2886,1
10/06/2017,20.575,-157.700,27.9385,0.7323,1.2886,1
10/07/2017,20.575,-157.700,27.8597,0.7119,1.2886,1
10/08/2017,20.575,-157.700,27.8325,0.5912,1.2886,1
10/09/2017,20.575,-157.700,27.4362,0.6155,1.2886,1
10/10/2017,20.575,-157.700,27.9896,0.7971,1.2886,1
10/11/2017,20.575,-157.700,27.9491,0.7350,1.2886,1
10/12/2017,20.575,-157.700,27.5663,0.6331,1.2886,1
10/13/2017,20.575,-157.700,28.1019,0.8593,1.2886,1
10/14/2017,20.575,-157.700,27.6751,0.7048,1.2886,1
10/15/2017,20.575,-157.700,27.4778,0.6580,1.2886,1
10/16/2017,20.575,-157.700,27.3913,0.5457,1.2886,1
10/17/2017,20.575,-157.700,27.3556,0.4466,1.2886,1
10/18/2017,20.575,-157.700,27.0776,0.3439,1.2886,1
10/19/2017,20.575,-157.700,27.4984,0.2543,1.2886,1
10/20/2017,20.575,-157.700,26.9267,0.2171,1.2886,1
10/21/2017,20.575,-157.700,27.3906,0.1884,1.2886,1
10/22/2017,20.575,-157.700,27.2981,0.1185,1.2886,1
10/23/2017,20.575,-157.700,27.3832,0.5058,1.2886,1
10/24/2017,20.575,-157.700,27.2789,0.2694,1.2886,1
10/25/2017,20.575,-157.700,27.0442,0.1567,1.2886,1
10/26/2017,20.575,-157.700,27.2031,0.0000,1.2886,1
10/27/2017,20.575,-157.700,26.8631,0.1064,1.2886,1
10/28/2017,20.575,-157.700,26.9680,0.0000,1.2886,1
10/29/2017,20.575,-157.700,27.0875,0.0526,1.2886,1
10/30/2017,20.575,-157.700,27.2589,0.1024,1.2886,1
10/31/2017,20.575,-157.700,26.7997,0.1052,1.2886,1
11/01/2017,20.575,-157.700,27.5009,0.3746,1.2886,1
11/02/2017,20.575,-157.700,27.0895,0.3867,1.2886,1
11/03/2017,20.575,-157.700,27.4942,0.2454,1.2886,1
11/04/2017,20.575,-157.700,27.1977,0.1692,1.2886,1
11/05/2017,20.575,-157.700,27.3868,0.1670,1.2886,1
11/06/2017,20.575,-157.700,27.1060,0.1781,1.2886,1
11/07/2017,20.575,-157.700,26.9645,0.1189,1.2886,1
11/08/2017,20.575,-157.700,27.0243,0.0356,1.2886,1
11/09/2017,20.575,-157.700,27.3651,0.1795,1.2886,1
11/10/2017,20.575,-157.700,27.4650,0.2283,1.2886,1
11/11/2017,20.575,-157.700,27.2375,0.0000,1.2886,1
11/12/2017,20.575,-157.700,27.2591,0.0939,1.2886,1
11/13/2017,20.575,-157.700,27.2128,0.1702,1.2886,1
11/14/2017,20.575,-157.700,27.1443,0.1083,1.2886,1
11/15/2017,20.575,-157.700,27.1443,0.1083,1.2886,1
11/16/2017,20.575,-157.700,27.0362,0.0146,1.2886,1
11/17/2017,20.575,-157.700,27.1790,0.0000,1.2886,1
11/18/2017,20.575,-157.700,27.1336,0.0000,1.2886,1
11/19/2017,20.575,-157.700,26.8403,0.0000,1.2886,1
11/20/2017,20.575,-157.700,26.5656,0.0000,1.2886,1
11/21/2017,20.575,-157.700,26.6235,0.0000,1.2886,1
11/22/2017,20.575,-157.700,26.6099,0.0000,1.2886,1
11/23/2017,20.575,-157.700,26.6567,0.0000,1.2886,0
11/24/2017,20.575,-157.700,26.7223,0.0000,1.2886,0
11/25/2017,20.575,-157.700,26.0492,0.0000,1.2886,0
11/26/2017,20.575,-157.700,26.3912,0.0000,1.2886,0
11/27/2017,20.575,-157.700,25.9695,0.0000,1.2886,0
11/28/2017,20.575,-157.700,26.2202,0.0000,1.2886,0
11/29/2017,20.575,-157.700,26.3376,0.0000,1.2886,0
11/30/2017,20.575,-157.700,26.1184,0.0000,1.1447,0
12/01/2017,20.575,-157.700,26.3771,0.0000,1.0013,0
12/02/2017,20.575,-157.700,26.2396,0.0000,1.0013,0
12/03/2017,20.575,-157.700,26.2289,0.0000,1.0013,0
12/04/2017,20.575,-157.700,26.1952,0.0000,1.0013,0
12/05/2017,20.575,-157.700,25.9292,0.0000,1.0013,0
12/06/2017,20.575,-157.700,26.0712,0.0000,0.8436,0
12/07/2017,20.575,-157.700,25.2927,0.0000,0.6870,0
12/08/2017,20.575,-157.700,25.3253,0.0000,0.4959,0
12/09/2017,20.575,-157.700,25.4589,0.0000,0.3133,0
12/10/2017,20.575,-157.700,25.6002,0.0000,0.1558,0
12/11/2017,20.575,-157.700,25.6803,0.0000,0.0000,0
12/12/2017,20.575,-157.700,25.2078,0.0000,0.0000,0
12/13/2017,20.575,-157.700,25.2843,0.0000,0.0000,0
12/14/2017,20.575,-157.700,25.2115,0.0000,0.0000,0
12/15/2017,20.575,-157.700,25.3948,0.0000,0.0000,0
12/16/2017,20.575,-157.700,25.2492,0.0000,0.0000,0
12/17/2017,20.575,-157.700,25.0964,0.0000,0.0000,0
12/18/2017,20.575,-157.700,24.9279,0.0000,0.0000,0
12/19/2017,20.575,-157.700,25.3124,0.0000,0.0000,0
12/20/2017,20.575,-157.700,25.1477,0.0000,0.0000,0
12/21/2017,20.575,-157.700,25.1659,0.0000,0.0000,0
12/22/2017,20.575,-157.700,25.0502,0.0000,0.0000,0
12/23/2017,20.575,-157.700,24.9128,0.0000,0.0000,0
12/24/2017,20.575,-157.700,24.8704,0.0000,0.0000,0
12/25/2017,20.575,-157.700,24.7883,0.0000,0.0000,0
12/26/2017,20.575,-157.700,25.0124,0.0000,0.0000,0
12/27/2017,20.575,-157.700,24.7861,0.0000,0.0000,0
12/28/2017,20.575,-157.700,24.7559,0.0000,0.0000,0
12/29/2017,20.575,-157.700,24.7870,0.0000,0.0000,0
12/30/2017,20.575,-157.700,24.8949,0.0000,0.0000,0
12/31/2017,20.575,-157.700,25.3547,0.0000,0.0000,0
01/01/2018,20.575,-157.700,25.3345,0.0000,0.0000,0
01/02/2018,20.575,-157.700,24.7855,0.0000,0.0000,0
01/03/2018,20.575,-157.700,24.7113,0.0000,0.0000,0
01/04/2018,20.575,-157.700,24.6616,0.0000,0.0000,0
01/05/2018,20.575,-157.700,24.7188,0.0000,0.0000,0
01/06/2018,20.575,-157.700,24.7700,0.0000,0.0000,0
01/07/2018,20.575,-157.700,24.5722,0.0000,0.0000,0
01/08/2018,20.575,-157.700,24.5533,0.0000,0.0000,0
01/09/2018,20.575,-157.700,25.1173,0.0000,0.0000,0
01/10/2018,20.575,-157.700,24.8167,0.0000,0.0000,0
01/11/2018,20.575,-157.700,24.8077,0.0000,0.0000,0
01/12/2018,20.575,-157.700,24.8445,0.0000,0.0000,0
01/13/2018,20.575,-157.700,25.1918,0.0000,0.0000,0
01/14/2018,20.575,-157.700,25.2329,0.0000,0.0000,0
01/15/2018,20.575,-157.700,24.9362,0.0000,0.0000,0
01/16/2018,20.575,-157.700,25.1978,0.0000,0.0000,0
01/17/2018,20.575,-157.700,25.1365,0.0000,0.0000,0
01/18/2018,20.575,-157.700,24.7182,0.0000,0.0000,0
01/19/2018,20.575,-157.700,24.5724,0.0000,0.0000,0
01/20/2018,20.575,-157.700,24.9983,0.0000,0.0000,0
01/21/2018,20.575,-157.700,24.8981,0.0000,0.0000,0
01/22/2018,20.575,-157.700,24.9136,0.0000,0.0000,0
01/23/2018,20.575,-157.700,24.4313,0.0000,0.0000,0
01/24/2018,20.575,-157.700,24.8813,0.0000,0.0000,0
01/25/2018,20.575,-157.700,24.7541,0.0000,0.0000,0
01/26/2018,20.575,-157.700,24.7425,0.0000,0.0000,0
01/27/2018,20.575,-157.700,24.6899,0.0000,0.0000,0
01/28/2018,20.575,-157.700,24.9258,0.0000,0.0000,0
01/29/2018,20.575,-157.700,24.7687,0.0000,0.0000,0
01/30/2018,20.575,-157.700,24.8242,0.0000,0.0000,0
01/31/2018,20.575,-157.700,24.3822,0.0000,0.0000,0
02/01/2018,20.575,-157.700,24.7170,0.0000,0.0000,0
02/02/2018,20.575,-157.700,24.3739,0.0000,0.0000,0
02/03/2018,20.575,-157.700,24.6484,0.0000,0.0000,0
02/04/2018,20.575,-157.700,24.4563,0.0000,0.0000,0
02/05/2018,20.575,-157.700,24.6283,0.0000,0.0000,0
02/06/2018,20.575,-157.700,25.0415,0.0000,0.0000,0
02/07/2018,20.575,-157.700,24.8109,0.0000,0.0000,0
02/08/2018,20.575,-157.700,24.7248,0.0000,0.0000,0
02/09/2018,20.575,-157.700,24.7196,0.0000,0.0000,0
02/10/2018,20.575,-157.700,24.5649,0.0000,0.0000,0
02/11/2018,20.575,-157.700,24.8170,0.0000,0.0000,0
02/12/2018,20.575,-157.700,24.6933,0.0000,0.0000,0
02/13/2018,20.575,-157.700,24.4960,0.0000,0.0000,0
02/14/2018,20.575,-157.700,24.5740,0.0000,0.0000,0
02/15/2018,20.575,-157.700,24.5897,0.0000,0.0000,0
02/16/2018,20.575,-157.700,24.8360,0.0000,0.0000,0
02/17/2018,20.575,-157.700,24.6676,0.0000,0.0000,0
02/18/2018,20.575,-157.700,24.7645,0.0000,0.0000,0
02/19/2018,20.575,-157.700,24.7710,0.0000,0.0000,0
02/20/2018,20.575,-157.700,24.3699,0.0000,0.0000,0
02/21/2018,20.575,-157.700,24.6468,0.0000,0.0000,0
02/22/2018,20.575,-157.700,24.6233,0.0000,0.0000,0
02/23/2018,20.575,-157.700,24.9148,0.0000,0.0000,0
02/24/2018,20.575,-157.700,25.0254,0.0000,0.0000,0
02/25/2018,20.575,-157.700,24.4379,0.0000,0.0000,0
02/26/2018,20.575,-157.700,24.6071,0.0000,0.0000,0
02/27/2018,20.575,-157.700,24.6956,0.0000,0.0000,0
02/28/2018,20.575,-157.700,24.5101,0.0000,0.0000,0
03/01/2018,20.575,-157.700,24.6115,0.0000,0.0000,0
03/02/2018,20.575,-157.700,24.8122,0.0000,0.0000,0
03/03/2018,20.575,-157.700,24.5095,0.0000,0.0000,0
03/04/2018,20.575,-157.700,24.1916,0.0000,0.0000,0
03/05/2018,20.575,-157.700,24.6441,0.0000,0.0000,0
03/06/2018,20.575,-157.700,24.4309,0.0000,0.0000,0
03/07/2018,20.575,-157.700,24.6187,0.0000,0.0000,0
03/08/2018,20.575,-157.700,24.5116,0.0000,0.0000,0
03/09/2018,20.575,-157.700,24.0472,0.0000,0.0000,0
03/10/2018,20.575,-157.700,24.5157,0.0000,0.0000,0
03/11/2018,20.575,-157.700,24.4212,0.0000,0.0000,0
03/12/2018,20.575,-157.700,24.4972,0.0000,0.0000,0
03/13/2018,20.575,-157.700,24.4790,0.0000,0.0000,0
03/14/2018,20.575,-157.700,24.2836,0.0000,0.0000,0
03/15/2018,20.575,-157.700,24.3138,0.0000,0.0000,0
03/16/2018,20.575,-157.700,24.4690,0.0000,0.0000,0
03/17/2018,20.575,-157.700,24.6090,0.0000,0.0000,0
03/18/2018,20.575,-157.700,24.6824,0.0000,0.0000,0
03/19/2018,20.575,-157.700,24.8688,0.0000,0.0000,0
03/20/2018,20.575,-157.700,24.1647,0.0000,0.0000,0
03/21/2018,20.575,-157.700,24.5912,0.0000,0.0000,0
03/22/2018,20.575,-157.700,24.5527,0.0000,0.0000,0
03/23/2018,20.575,-157.700,24.5502,0.0000,0.0000,0
03/24/2018,20.575,-157.700,24.4293,0.0000,0.0000,0
03/25/2018,20.575,-157.700,24.4860,0.0000,0.0000,0
03/26/2018,20.575,-157.700,24.5730,0.0000,0.0000,0
03/27/2018,20.575,-157.700,24.5284,0.0000,0.0000,0
03/28/2018,20.575,-157.700,24.2907,0.0000,0.0000,0
03/29/2018,20.575,-157.700,24.6016,0.0000,0.0000,0
03/30/2018,20.575,-157.700,25.1819,0.0000,0.0000,0
03/31/2018,20.575,-157.700,25.0491,0.0000,0.0000,0
04/01/2018,20.575,-157.700,25.3895,0.0000,0.0000,0
04/02/2018,20.575,-157.700,25.3671,0.0000,0.0000,0
04/03/2018,20.575,-157.700,24.7747,0.0000,0.0000,0
04/04/2018,20.575,-157.700,24.7151,0.0000,0.0000,0
04/05/2018,20.575,-157.700,25.3289,0.0000,0.0000,0
04/06/2018,20.575,-157.700,25.5434,0.0000,0.0000,0
04/07/2018,20.575,-157.700,25.2069,0.0000,0.0000,0
04/08/2018,20.575,-157.700,25.3901,0.0000,0.0000,0
04/09/2018,20.575,-157.700,25.7704,0.0000,0.0000,0
04/10/2018,20.575,-157.700,25.7359,0.0000,0.0000,0
04/11/2018,20.575,-157.700,25.4007,0.0000,0.0000,0
04/12/2018,20.575,-157.700,25.8213,0.0000,0.0000,0
04/13/2018,20.575,-157.700,25.6432,0.0000,0.0000,0
04/14/2018,20.575,-157.700,25.4651,0.0000,0.0000,0
04/15/2018,20.575,-157.700,25.4053,0.0000,0.0000,0
04/16/2018,20.575,-157.700,25.8437,0.0000,0.0000,0
04/17/2018,20.575,-157.700,25.8589,0.0000,0.0000,0
04/18/2018,20.575,-157.700,25.5329,0.0000,0.0000,0
04/19/2018,20.575,-157.700,25.6831,0.0000,0.0000,0
04/20/2018,20.575,-157.700,25.6473,0.0000,0.0000,0
04/21/2018,20.575,-157.700,25.0283,0.0000,0.0000,0
04/22/2018,20.575,-157.700,25.0530,0.0000,0.0000,0
04/23/2018,20.575,-157.700,25.6736,0.0000,0.0000,0
04/24/2018,20.575,-157.700,25.6482,0.0000,0.0000,0
04/25/2018,20.575,-157.700,25.0968,0.0000,0.0000,0
04/26/2018,20.575,-157.700,25.4014,0.0000,0.0000,0
04/27/2018,20.575,-157.700,25.0070,0.0000,0.0000,0
04/28/2018,20.575,-157.700,25.5180,0.0000,0.0000,0
04/29/2018,20.575,-157.700,25.5650,0.0000,0.0000,0
04/30/2018,20.575,-157.700,25.5934,0.0000,0.0000,0
05/01/2018,20.575,-157.700,25.5274,0.0000,0.0000,0
05/02/2018,20.575,-157.700,25.0604,0.0000,0.0000,0
05/03/2018,20.575,-157.700,25.2843,0.0000,0.0000,0
05/04/2018,20.575,-157.700,25.5265,0.0000,0.0000,0
05/05/2018,20.575,-157.700,25.6809,0.0000,0.0000,0
05/06/2018,20.575,-157.700,25.3789,0.0000,0.0000,0
05/07/2018,20.575,-157.700,25.6860,0.0000,0.0000,0
05/08/2018,20.575,-157.700,25.8733,0.0000,0.0000,0
05/09/2018,20.575,-157.700,25.6375,0.0000,0.0000,0
05/10/2018,20.575,-157.700,25.8122,0.0000,0.0000,0
