Date,Latitude,Longitude,Sea_Surface_Temperature,HotSpots,Degree_Heating_Weeks,Bleaching_Alert_Area
3/12/13,-16.1,145.95,29.278,0.6649,0,0
3/13/13,-16.1,145.95,28.9086,0.2774,0,0
3/14/13,-16.1,145.95,29.076,0.4724,0,0
3/15/13,-16.1,145.95,28.8417,0.1351,0,0
3/16/13,-16.1,145.95,29.0365,0.3688,0,0
3/17/13,-16.1,145.95,28.7807,0.1089,0,0
3/18/13,-16.1,145.95,29.2601,0.3837,0,0
3/19/13,-16.1,145.95,28.6176,0,0,0
3/20/13,-16.1,145.95,28.8225,0.1859,0,0
3/21/13,-16.1,145.95,28.9649,0.2412,0,0
3/22/13,-16.1,145.95,28.6197,0.0354,0,0
3/23/13,-16.1,145.95,28.494,0,0,0
3/24/13,-16.1,145.95,28.2041,0,0,0
3/25/13,-16.1,145.95,28.9065,0.1127,0,0
3/26/13,-16.1,145.95,28.7505,0.1893,0,0
3/27/13,-16.1,145.95,28.5872,0,0,0
3/28/13,-16.1,145.95,28.6672,0.0476,0,0
3/29/13,-16.1,145.95,28.7061,0.1649,0,0
3/30/13,-16.1,145.95,28.8346,0.2251,0,0
3/31/13,-16.1,145.95,28.6628,0.043,0,0
4/1/13,-16.1,145.95,28.348,0,0,0
4/2/13,-16.1,145.95,28.209,0,0,0
4/3/13,-16.1,145.95,27.6267,0,0,0
4/4/13,-16.1,145.95,27.8416,0,0,0
4/5/13,-16.1,145.95,27.7741,0,0,0
4/6/13,-16.1,145.95,27.5148,0,0,0
4/7/13,-16.1,145.95,27.9849,0,0,0
4/8/13,-16.1,145.95,28.479,0,0,0
4/9/13,-16.1,145.95,28.2673,0,0,0
4/10/13,-16.1,145.95,28.702,0,0,0
4/11/13,-16.1,145.95,28.3574,0,0,0
4/12/13,-16.1,145.95,27.8471,0,0,0
4/13/13,-16.1,145.95,28.3827,0,0,0
4/14/13,-16.1,145.95,27.6549,0,0,0
4/15/13,-16.1,145.95,27.457,0,0,0
4/16/13,-16.1,145.95,27.4156,0,0,0
4/17/13,-16.1,145.95,27.5677,0,0,0
4/18/13,-16.1,145.95,27.4616,0,0,0
4/19/13,-16.1,145.95,27.7585,0,0,0
4/20/13,-16.1,145.95,28.2123,0,0,0
4/21/13,-16.1,145.95,27.8168,0,0,0
4/22/13,-16.1,145.95,27.7332,0,0,0
4/23/13,-16.1,145.95,27.8951,0,0,0
4/24/13,-16.1,145.95,27.8103,0,0,0
4/25/13,-16.1,145.95,27.6517,0,0,0
4/26/13,-16.1,145.95,27.7152,0,0,0
4/27/13,-16.1,145.95,27.8324,0,0,0
4/28/13,-16.1,145.95,27.7815,0,0,0
4/29/13,-16.1,145.95,27.6875,0,0,0
4/30/13,-16.1,145.95,27.014,0,0,0
5/1/13,-16.1,145.95,26.7264,0,0,0
5/2/13,-16.1,145.95,26.8984,0,0,0
5/3/13,-16.1,145.95,27.0848,0,0,0
5/4/13,-16.1,145.95,27.0467,0,0,0
5/5/13,-16.1,145.95,26.9776,0,0,0
5/6/13,-16.1,145.95,26.8998,0,0,0
5/7/13,-16.1,145.95,26.6768,0,0,0
5/8/13,-16.1,145.95,26.8819,0,0,0
5/9/13,-16.1,145.95,26.6589,0,0,0
5/10/13,-16.1,145.95,26.6947,0,0,0
5/11/13,-16.1,145.95,26.7231,0,0,0
5/12/13,-16.1,145.95,26.7053,0,0,0
5/13/13,-16.1,145.95,26.5178,0,0,0
5/14/13,-16.1,145.95,26.4122,0,0,0
5/15/13,-16.1,145.95,26.5492,0,0,0
5/16/13,-16.1,145.95,26.9048,0,0,0
5/17/13,-16.1,145.95,27.0705,0,0,0
5/18/13,-16.1,145.95,26.8992,0,0,0
5/19/13,-16.1,145.95,26.8518,0,0,0
5/20/13,-16.1,145.95,27.1423,0,0,0
5/21/13,-16.1,145.95,26.8974,0,0,0
5/22/13,-16.1,145.95,27.0647,0,0,0
5/23/13,-16.1,145.95,26.8571,0,0,0
5/24/13,-16.1,145.95,26.6084,0,0,0
5/25/13,-16.1,145.95,26.4244,0,0,0
5/26/13,-16.1,145.95,26.3182,0,0,0
5/27/13,-16.1,145.95,26.3239,0,0,0
5/28/13,-16.1,145.95,26.3672,0,0,0
5/29/13,-16.1,145.95,26.2265,0,0,0
5/30/13,-16.1,145.95,26.4492,0,0,0
5/31/13,-16.1,145.95,26.7983,0,0,0
6/1/13,-16.1,145.95,26.6914,0,0,0
6/2/13,-16.1,145.95,26.5688,0,0,0
6/3/13,-16.1,145.95,26.5377,0,0,0
6/4/13,-16.1,145.95,26.159,0,0,0
6/5/13,-16.1,145.95,26.3016,0,0,0
6/6/13,-16.1,145.95,26.0888,0,0,0
6/7/13,-16.1,145.95,26.1372,0,0,0
6/8/13,-16.1,145.95,25.9847,0,0,0
6/9/13,-16.1,145.95,25.6058,0,0,0
6/10/13,-16.1,145.95,25.8496,0,0,0
6/11/13,-16.1,145.95,25.6972,0,0,0
6/12/13,-16.1,145.95,25.863,0,0,0
6/13/13,-16.1,145.95,25.6839,0,0,0
6/14/13,-16.1,145.95,25.7738,0,0,0
6/15/13,-16.1,145.95,24.9951,0,0,0
6/16/13,-16.1,145.95,24.8872,0,0,0
6/17/13,-16.1,145.95,25.2776,0,0,0
6/18/13,-16.1,145.95,24.8076,0,0,0
6/19/13,-16.1,145.95,25.1622,0,0,0
6/20/13,-16.1,145.95,24.7165,0,0,0
6/21/13,-16.1,145.95,25.0499,0,0,0
6/22/13,-16.1,145.95,24.9876,0,0,0
6/23/13,-16.1,145.95,24.8809,0,0,0
6/24/13,-16.1,145.95,25.1348,0,0,0
6/25/13,-16.1,145.95,24.9523,0,0,0
6/26/13,-16.1,145.95,24.6467,0,0,0
6/27/13,-16.1,145.95,25.2403,0,0,0
6/28/13,-16.1,145.95,24.9532,0,0,0
6/29/13,-16.1,145.95,25.3926,0,0,0
6/30/13,-16.1,145.95,25.1419,0,0,0
7/1/13,-16.1,145.95,25.5609,0,0,0
7/2/13,-16.1,145.95,25.4696,0,0,0
7/3/13,-16.1,145.95,25.2538,0,0,0
7/4/13,-16.1,145.95,25.4067,0,0,0
7/5/13,-16.1,145.95,24.8388,0,0,0
7/6/13,-16.1,145.95,24.7835,0,0,0
7/7/13,-16.1,145.95,24.9619,0,0,0
7/8/13,-16.1,145.95,25.0883,0,0,0
7/9/13,-16.1,145.95,25.0574,0,0,0
7/10/13,-16.1,145.95,24.6186,0,0,0
7/11/13,-16.1,145.95,24.7589,0,0,0
7/12/13,-16.1,145.95,24.9096,0,0,0
7/13/13,-16.1,145.95,24.5726,0,0,0
7/14/13,-16.1,145.95,24.5239,0,0,0
7/15/13,-16.1,145.95,24.4505,0,0,0
7/16/13,-16.1,145.95,24.4794,0,0,0
7/17/13,-16.1,145.95,24.6847,0,0,0
7/18/13,-16.1,145.95,24.8254,0,0,0
7/19/13,-16.1,145.95,24.8683,0,0,0
7/20/13,-16.1,145.95,24.7851,0,0,0
7/21/13,-16.1,145.95,24.9518,0,0,0
7/22/13,-16.1,145.95,25.0952,0,0,0
7/23/13,-16.1,145.95,24.9624,0,0,0
7/24/13,-16.1,145.95,24.3877,0,0,0
7/25/13,-16.1,145.95,23.1298,0,0,0
7/26/13,-16.1,145.95,24.6654,0,0,0
7/27/13,-16.1,145.95,24.9387,0,0,0
7/28/13,-16.1,145.95,24.9224,0,0,0
7/29/13,-16.1,145.95,24.9239,0,0,0
7/30/13,-16.1,145.95,25.4484,0,0,0
7/31/13,-16.1,145.95,25.0436,0,0,0
8/1/13,-16.1,145.95,24.9702,0,0,0
8/2/13,-16.1,145.95,24.9094,0,0,0
8/3/13,-16.1,145.95,25.3664,0,0,0
8/4/13,-16.1,145.95,25.979,0,0,0
8/5/13,-16.1,145.95,25.3617,0,0,0
8/6/13,-16.1,145.95,25.0558,0,0,0
8/7/13,-16.1,145.95,25.5669,0,0,0
8/8/13,-16.1,145.95,25.3114,0,0,0
8/9/13,-16.1,145.95,25.1364,0,0,0
8/10/13,-16.1,145.95,24.4993,0,0,0
8/11/13,-16.1,145.95,25.2667,0,0,0
8/12/13,-16.1,145.95,25.4104,0,0,0
8/13/13,-16.1,145.95,25.175,0,0,0
8/14/13,-16.1,145.95,25.3447,0,0,0
8/15/13,-16.1,145.95,24.9433,0,0,0
8/16/13,-16.1,145.95,25.4751,0,0,0
8/17/13,-16.1,145.95,25.3894,0,0,0
8/18/13,-16.1,145.95,25.3221,0,0,0
8/19/13,-16.1,145.95,25.5212,0,0,0
8/20/13,-16.1,145.95,25.5192,0,0,0
8/21/13,-16.1,145.95,25.0574,0,0,0
8/22/13,-16.1,145.95,24.8936,0,0,0
8/23/13,-16.1,145.95,24.9043,0,0,0
8/24/13,-16.1,145.95,24.3758,0,0,0
8/25/13,-16.1,145.95,25.0818,0,0,0
8/26/13,-16.1,145.95,25.3095,0,0,0
8/27/13,-16.1,145.95,25.0284,0,0,0
8/28/13,-16.1,145.95,25.3024,0,0,0
8/29/13,-16.1,145.95,25.2431,0,0,0
8/30/13,-16.1,145.95,25.3529,0,0,0
8/31/13,-16.1,145.95,25.754,0,0,0
9/1/13,-16.1,145.95,25.1143,0,0,0
9/2/13,-16.1,145.95,24.9032,0,0,0
9/3/13,-16.1,145.95,24.9224,0,0,0
9/4/13,-16.1,145.95,24.9595,0,0,0
9/5/13,-16.1,145.95,24.8089,0,0,0
9/6/13,-16.1,145.95,24.7663,0,0,0
9/7/13,-16.1,145.95,24.48,0,0,0
9/8/13,-16.1,145.95,24.5589,0,0,0
9/9/13,-16.1,145.95,24.9543,0,0,0
9/10/13,-16.1,145.95,24.9501,0,0,0
9/11/13,-16.1,145.95,24.9682,0,0,0
9/12/13,-16.1,145.95,25.1174,0,0,0
9/13/13,-16.1,145.95,25.7206,0,0,0
9/14/13,-16.1,145.95,25.2489,0,0,0
9/15/13,-16.1,145.95,25.4258,0,0,0
9/16/13,-16.1,145.95,25.496,0,0,0
9/17/13,-16.1,145.95,25.3499,0,0,0
9/18/13,-16.1,145.95,25.6642,0,0,0
9/19/13,-16.1,145.95,25.4232,0,0,0
9/20/13,-16.1,145.95,26.0759,0,0,0
9/21/13,-16.1,145.95,26.0744,0,0,0
9/22/13,-16.1,145.95,25.7396,0,0,0
9/23/13,-16.1,145.95,26.0063,0,0,0
9/24/13,-16.1,145.95,26.3506,0,0,0
9/25/13,-16.1,145.95,26.3046,0,0,0
9/26/13,-16.1,145.95,26.3819,0,0,0
9/27/13,-16.1,145.95,26.551,0,0,0
9/28/13,-16.1,145.95,26.5688,0,0,0
9/29/13,-16.1,145.95,26.6884,0,0,0
9/30/13,-16.1,145.95,26.44,0,0,0
10/1/13,-16.1,145.95,26.6197,0,0,0
10/2/13,-16.1,145.95,26.3842,0,0,0
10/3/13,-16.1,145.95,26.6917,0,0,0
10/4/13,-16.1,145.95,26.3797,0,0,0
10/5/13,-16.1,145.95,26.2704,0,0,0
10/6/13,-16.1,145.95,26.2837,0,0,0
10/7/13,-16.1,145.95,26.5283,0,0,0
10/8/13,-16.1,145.95,26.4083,0,0,0
10/9/13,-16.1,145.95,26.4142,0,0,0
10/10/13,-16.1,145.95,26.3247,0,0,0
10/11/13,-16.1,145.95,26.2729,0,0,0
10/12/13,-16.1,145.95,26.8674,0,0,0
10/13/13,-16.1,145.95,26.9678,0,0,0
10/14/13,-16.1,145.95,26.912,0,0,0
10/15/13,-16.1,145.95,26.9961,0,0,0
10/16/13,-16.1,145.95,26.6484,0,0,0
10/17/13,-16.1,145.95,26.7585,0,0,0
10/18/13,-16.1,145.95,26.7534,0,0,0
10/19/13,-16.1,145.95,26.6105,0,0,0
10/20/13,-16.1,145.95,26.4863,0,0,0
10/21/13,-16.1,145.95,26.4547,0,0,0
10/22/13,-16.1,145.95,26.3611,0,0,0
10/23/13,-16.1,145.95,26.5302,0,0,0
10/24/13,-16.1,145.95,26.9953,0,0,0
10/25/13,-16.1,145.95,27.0981,0,0,0
10/26/13,-16.1,145.95,26.8606,0,0,0
10/27/13,-16.1,145.95,27.1947,0,0,0
10/28/13,-16.1,145.95,26.9308,0,0,0
10/29/13,-16.1,145.95,27.3346,0,0,0
10/30/13,-16.1,145.95,27.4104,0,0,0
10/31/13,-16.1,145.95,27.8077,0,0,0
11/1/13,-16.1,145.95,27.758,0,0,0
11/2/13,-16.1,145.95,27.4637,0,0,0
11/3/13,-16.1,145.95,27.4611,0,0,0
11/4/13,-16.1,145.95,27.3461,0,0,0
11/5/13,-16.1,145.95,27.2153,0,0,0
11/6/13,-16.1,145.95,27.1846,0,0,0
11/7/13,-16.1,145.95,27.2614,0,0,0
11/8/13,-16.1,145.95,27.3157,0,0,0
11/9/13,-16.1,145.95,27.3515,0,0,0
11/10/13,-16.1,145.95,27.3585,0,0,0
11/11/13,-16.1,145.95,27.2591,0,0,0
11/12/13,-16.1,145.95,27.4829,0,0,0
11/13/13,-16.1,145.95,27.8723,0,0,0
11/14/13,-16.1,145.95,27.3327,0,0,0
11/15/13,-16.1,145.95,27.8103,0,0,0
11/16/13,-16.1,145.95,27.9631,0,0,0
11/17/13,-16.1,145.95,28.6218,0,0,0
11/18/13,-16.1,145.95,28.5262,0,0,0
11/19/13,-16.1,145.95,28.0596,0,0,0
11/20/13,-16.1,145.95,28.4874,0,0,0
11/21/13,-16.1,145.95,28.782,0,0,0
11/22/13,-16.1,145.95,28.9665,0.324,0,1
11/23/13,-16.1,145.95,29.7506,1.0594,0.1513,2
11/24/13,-16.1,145.95,29.3852,0.7841,0.1513,2
11/25/13,-16.1,145.95,29.3525,0.7867,0.1513,2
11/26/13,-16.1,145.95,29.3648,0.485,0.1513,2
11/27/13,-16.1,145.95,29.3482,0.7593,0.1513,2
11/28/13,-16.1,145.95,29.3641,0.7752,0.1513,2
11/29/13,-16.1,145.95,29.0476,0.4663,0.1513,2
11/30/13,-16.1,145.95,29.3411,0.7752,0.1513,1
12/1/13,-16.1,145.95,28.7504,0.1973,0.1513,1
12/2/13,-16.1,145.95,28.6511,0.0767,0.1513,1
12/3/13,-16.1,145.95,28.6393,0.067,0.1513,1
12/4/13,-16.1,145.95,28.6047,0,0.1513,1
12/5/13,-16.1,145.95,28.9109,0.2366,0.1513,1
12/6/13,-16.1,145.95,28.86,0.2224,0.1513,1
12/7/13,-16.1,145.95,28.5276,0,0.1513,1
12/8/13,-16.1,145.95,28.5623,0,0.1513,1
12/9/13,-16.1,145.95,28.6839,0.1382,0.1513,1
12/10/13,-16.1,145.95,28.7138,0.0912,0.1513,1
12/11/13,-16.1,145.95,28.8128,0.1902,0.1513,1
12/12/13,-16.1,145.95,29.1549,0.4811,0.1513,1
12/13/13,-16.1,145.95,28.81,0.1809,0.1513,1
12/14/13,-16.1,145.95,28.9127,0.113,0.1513,1
12/15/13,-16.1,145.95,28.6875,0.0896,0.1513,1
12/16/13,-16.1,145.95,28.6716,0.0622,0.1513,1
12/17/13,-16.1,145.95,28.4824,0,0.1513,1
12/18/13,-16.1,145.95,28.4922,0,0.1513,1
12/19/13,-16.1,145.95,28.423,0,0.1513,1
12/20/13,-16.1,145.95,28.4282,0,0.1513,1
12/21/13,-16.1,145.95,28.3571,0,0.1513,1
12/22/13,-16.1,145.95,28.3752,0,0.1513,1
12/23/13,-16.1,145.95,28.1494,0,0.1513,0
12/24/13,-16.1,145.95,28.0456,0,0.1513,0
12/25/13,-16.1,145.95,28.0205,0,0.1513,0
12/26/13,-16.1,145.95,28.1411,0,0.1513,0
12/27/13,-16.1,145.95,28.6714,0,0.1513,0
12/28/13,-16.1,145.95,28.3115,0,0.1513,0
12/29/13,-16.1,145.95,28.6647,0.0985,0.1513,1
12/30/13,-16.1,145.95,28.661,0.0994,0.1513,1
12/31/13,-16.1,145.95,28.751,0.0731,0.1513,1
1/1/14,-16.1,145.95,28.9273,0.2738,0.1513,1
1/2/14,-16.1,145.95,29.0927,0.4537,0.1513,1
1/3/14,-16.1,145.95,29.644,1.0079,0.2953,2
1/4/14,-16.1,145.95,29.6336,1.0464,0.4448,2
1/5/14,-16.1,145.95,29.8288,1.2072,0.6173,2
1/6/14,-16.1,145.95,29.7854,1.1829,0.7863,2
1/7/14,-16.1,145.95,30.0545,1.1488,0.9504,2
1/8/14,-16.1,145.95,29.7258,1.1785,1.1187,2
1/9/14,-16.1,145.95,29.7126,1.0806,1.2731,2
1/10/14,-16.1,145.95,29.6311,0.9918,1.2731,2
1/11/14,-16.1,145.95,29.1814,0.5943,1.2731,2
1/12/14,-16.1,145.95,29.4055,0.6097,1.2731,2
1/13/14,-16.1,145.95,29.1037,0.3832,1.2731,2
1/14/14,-16.1,145.95,29.0989,0.4326,1.2731,2
1/15/14,-16.1,145.95,29.0509,0.4961,1.2731,2
1/16/14,-16.1,145.95,29.1913,0.4197,1.2731,1
1/17/14,-16.1,145.95,29.1595,0.5542,1.2731,1
1/18/14,-16.1,145.95,28.8045,0.2047,1.2731,1
1/19/14,-16.1,145.95,28.9847,0.2547,1.2731,1
1/20/14,-16.1,145.95,29.5406,0.9078,1.2731,1
1/21/14,-16.1,145.95,29.5523,0.7628,1.2731,1
1/22/14,-16.1,145.95,29.6166,0.9476,1.2731,1
1/23/14,-16.1,145.95,29.3183,0.6554,1.2731,1
1/24/14,-16.1,145.95,29.107,0.3926,1.2731,1
1/25/14,-16.1,145.95,29.4485,0.7221,1.2731,1
1/26/14,-16.1,145.95,29.125,0.4392,1.2731,1
1/27/14,-16.1,145.95,29.2945,0.6217,1.2731,1
1/28/14,-16.1,145.95,29.5092,0.6009,1.2731,1
1/29/14,-16.1,145.95,29.0995,0.4979,1.2731,1
1/30/14,-16.1,145.95,29.2351,0.6184,1.2731,1
1/31/14,-16.1,145.95,29.5113,0.9275,1.2731,1
2/1/14,-16.1,145.95,29.8177,1.0357,1.4211,2
2/2/14,-16.1,145.95,30.5314,1.8215,1.6813,2
2/3/14,-16.1,145.95,30.1665,1.2915,1.8658,2
2/4/14,-16.1,145.95,29.4107,0.6261,1.8658,2
2/5/14,-16.1,145.95,28.4998,0,1.8658,2
2/6/14,-16.1,145.95,29.1326,0.2831,1.8658,2
2/7/14,-16.1,145.95,28.8165,0.0645,1.8658,2
2/8/14,-16.1,145.95,29.1018,0.501,1.8658,2
2/9/14,-16.1,145.95,28.9963,0.4116,1.8658,2
2/10/14,-16.1,145.95,28.8093,0.2477,1.8658,1
2/11/14,-16.1,145.95,28.7834,0.2128,1.8658,1
2/12/14,-16.1,145.95,28.3349,0,1.8658,1
2/13/14,-16.1,145.95,28.4686,0,1.8658,1
2/14/14,-16.1,145.95,28.5816,0,1.8658,1
2/15/14,-16.1,145.95,29.0881,0.4546,1.7144,1
2/16/14,-16.1,145.95,29.8228,1.1083,1.8727,2
2/17/14,-16.1,145.95,29.6602,0.9745,1.8727,2
2/18/14,-16.1,145.95,29.8239,0.9136,1.8727,2
2/19/14,-16.1,145.95,28.9751,0.4028,1.8727,2
2/20/14,-16.1,145.95,29.6469,0.895,1.8727,2
2/21/14,-16.1,145.95,29.0235,0.4567,1.8727,2
2/22/14,-16.1,145.95,28.8955,0.3087,1.8727,2
2/23/14,-16.1,145.95,29.1043,0.3662,1.8727,1
2/24/14,-16.1,145.95,28.7974,0.1592,1.8727,1
2/25/14,-16.1,145.95,28.5557,0.002,1.8727,1
2/26/14,-16.1,145.95,28.5859,0,1.8727,1
2/27/14,-16.1,145.95,28.343,0,1.8727,1
2/28/14,-16.1,145.95,28.2792,0,1.8727,1
3/1/14,-16.1,145.95,28.148,0,1.8727,1
3/2/14,-16.1,145.95,28.5068,0,1.8727,1
3/3/14,-16.1,145.95,28.9939,0.3916,1.8727,1
3/4/14,-16.1,145.95,28.905,0.2779,1.8727,1
3/5/14,-16.1,145.95,28.3539,0,1.8727,1
3/6/14,-16.1,145.95,29.2135,0.5148,1.8727,1
3/7/14,-16.1,145.95,28.7208,0.1408,1.8727,1
3/8/14,-16.1,145.95,28.8839,0.1508,1.8727,1
3/9/14,-16.1,145.95,28.8438,0.1431,1.8727,1
3/10/14,-16.1,145.95,28.8735,0.322,1.8727,1
3/11/14,-16.1,145.95,28.4596,0,1.8727,1
3/12/14,-16.1,145.95,28.4035,0,1.8727,1
3/13/14,-16.1,145.95,28.1108,0,1.8727,1
3/14/14,-16.1,145.95,28.2951,0,1.8727,1
3/15/14,-16.1,145.95,28.0714,0,1.8727,1
3/16/14,-16.1,145.95,27.9549,0,1.8727,1
3/17/14,-16.1,145.95,28.2958,0,1.8727,0
3/18/14,-16.1,145.95,28.0612,0,1.8727,0
3/19/14,-16.1,145.95,27.9101,0,1.8727,0
3/20/14,-16.1,145.95,27.9035,0,1.8727,0
3/21/14,-16.1,145.95,28.0651,0,1.8727,0
3/22/14,-16.1,145.95,28.1991,0,1.8727,0
3/23/14,-16.1,145.95,27.8287,0,1.8727,0
3/24/14,-16.1,145.95,28.2582,0,1.8727,0
3/25/14,-16.1,145.95,27.8672,0,1.8727,0
3/26/14,-16.1,145.95,27.921,0,1.8727,0
3/27/14,-16.1,145.95,28.44,0,1.8727,0
3/28/14,-16.1,145.95,28.1805,0,1.7288,0
3/29/14,-16.1,145.95,28.3069,0,1.5793,0
3/30/14,-16.1,145.95,28.1247,0,1.4068,0
3/31/14,-16.1,145.95,28.2657,0,1.2378,0
4/1/14,-16.1,145.95,28.2582,0,1.0737,0
4/2/14,-16.1,145.95,28.0617,0,0.9054,0
4/3/14,-16.1,145.95,27.9912,0,0.751,0
4/4/14,-16.1,145.95,28.1749,0,0.751,0
4/5/14,-16.1,145.95,27.9604,0,0.751,0
4/6/14,-16.1,145.95,28.1442,0,0.751,0
4/7/14,-16.1,145.95,28.3149,0,0.751,0
4/8/14,-16.1,145.95,28.6011,0.0484,0.751,1
4/9/14,-16.1,145.95,28.303,0,0.751,1
4/10/14,-16.1,145.95,27.9202,0,0.751,1
4/11/14,-16.1,145.95,27.7537,0,0.751,1
4/12/14,-16.1,145.95,27.4595,0,0.751,1
4/13/14,-16.1,145.95,27.8918,0,0.751,1
4/14/14,-16.1,145.95,28.1494,0,0.751,1
4/15/14,-16.1,145.95,28.0026,0,0.751,0
4/16/14,-16.1,145.95,27.7854,0,0.751,0
4/17/14,-16.1,145.95,27.824,0,0.751,0
4/18/14,-16.1,145.95,27.8131,0,0.751,0
4/19/14,-16.1,145.95,27.9508,0,0.751,0
4/20/14,-16.1,145.95,27.5216,0,0.751,0
4/21/14,-16.1,145.95,26.9596,0,0.751,0
4/22/14,-16.1,145.95,27.345,0,0.751,0
4/23/14,-16.1,145.95,27.0327,0,0.751,0
4/24/14,-16.1,145.95,27.433,0,0.751,0
4/25/14,-16.1,145.95,27.5887,0,0.751,0
4/26/14,-16.1,145.95,27.4953,0,0.603,0
4/27/14,-16.1,145.95,27.863,0,0.3428,0
4/28/14,-16.1,145.95,27.6248,0,0.1583,0
4/29/14,-16.1,145.95,27.683,0,0.1583,0
4/30/14,-16.1,145.95,27.7732,0,0.1583,0
5/1/14,-16.1,145.95,27.6572,0,0.1583,0
5/2/14,-16.1,145.95,27.8079,0,0.1583,0
5/3/14,-16.1,145.95,27.7925,0,0.1583,0
5/4/14,-16.1,145.95,27.1151,0,0.1583,0
5/5/14,-16.1,145.95,27.0449,0,0.1583,0
5/6/14,-16.1,145.95,26.9245,0,0.1583,0
5/7/14,-16.1,145.95,26.9124,0,0.1583,0
5/8/14,-16.1,145.95,26.8538,0,0.1583,0
5/9/14,-16.1,145.95,26.9851,0,0.1583,0
5/10/14,-16.1,145.95,26.9859,0,0.1583,0
5/11/14,-16.1,145.95,26.8785,0,0,0
5/12/14,-16.1,145.95,27.0041,0,0,0
5/13/14,-16.1,145.95,27.0098,0,0,0
5/14/14,-16.1,145.95,26.818,0,0,0
5/15/14,-16.1,145.95,26.7134,0,0,0
5/16/14,-16.1,145.95,26.5498,0,0,0
5/17/14,-16.1,145.95,26.5921,0,0,0
5/18/14,-16.1,145.95,26.6041,0,0,0
5/19/14,-16.1,145.95,26.4604,0,0,0
5/20/14,-16.1,145.95,26.4044,0,0,0
5/21/14,-16.1,145.95,26.4447,0,0,0
5/22/14,-16.1,145.95,26.1903,0,0,0
5/23/14,-16.1,145.95,26.069,0,0,0
5/24/14,-16.1,145.95,26.0371,0,0,0
5/25/14,-16.1,145.95,25.8876,0,0,0
5/26/14,-16.1,145.95,25.6972,0,0,0
5/27/14,-16.1,145.95,26.0354,0,0,0
5/28/14,-16.1,145.95,25.9006,0,0,0
5/29/14,-16.1,145.95,26.2983,0,0,0
5/30/14,-16.1,145.95,26.2744,0,0,0
5/31/14,-16.1,145.95,26.3368,0,0,0
6/1/14,-16.1,145.95,26.4581,0,0,0
6/2/14,-16.1,145.95,26.4093,0,0,0
6/3/14,-16.1,145.95,26.3936,0,0,0
6/4/14,-16.1,145.95,26.2087,0,0,0
6/5/14,-16.1,145.95,26.07,0,0,0
6/6/14,-16.1,145.95,26.1465,0,0,0
6/7/14,-16.1,145.95,26.1661,0,0,0
6/8/14,-16.1,145.95,25.9362,0,0,0
6/9/14,-16.1,145.95,25.7406,0,0,0
6/10/14,-16.1,145.95,25.6592,0,0,0
6/11/14,-16.1,145.95,25.6416,0,0,0
6/12/14,-16.1,145.95,25.6059,0,0,0
6/13/14,-16.1,145.95,25.6059,0,0,0
6/14/14,-16.1,145.95,25.6059,0,0,0
6/15/14,-16.1,145.95,25.6059,0,0,0
6/16/14,-16.1,145.95,26.5364,0,0,0
6/17/14,-16.1,145.95,26.0298,0,0,0
6/18/14,-16.1,145.95,25.1806,0,0,0
6/19/14,-16.1,145.95,25.3843,0,0,0
6/20/14,-16.1,145.95,25.6579,0,0,0
6/21/14,-16.1,145.95,25.7731,0,0,0
6/22/14,-16.1,145.95,25.6799,0,0,0
6/23/14,-16.1,145.95,25.3408,0,0,0
6/24/14,-16.1,145.95,25.3804,0,0,0
6/25/14,-16.1,145.95,25.449,0,0,0
6/26/14,-16.1,145.95,25.1496,0,0,0
6/27/14,-16.1,145.95,25.2676,0,0,0
6/28/14,-16.1,145.95,25.2922,0,0,0
6/29/14,-16.1,145.95,25.2805,0,0,0
6/30/14,-16.1,145.95,25.0289,0,0,0
7/1/14,-16.1,145.95,24.8033,0,0,0
7/2/14,-16.1,145.95,25.0565,0,0,0
7/3/14,-16.1,145.95,25.2912,0,0,0
7/4/14,-16.1,145.95,25.105,0,0,0
7/5/14,-16.1,145.95,25.3755,0,0,0
7/6/14,-16.1,145.95,25.5102,0,0,0
7/7/14,-16.1,145.95,25.2891,0,0,0
7/8/14,-16.1,145.95,25.3806,0,0,0
7/9/14,-16.1,145.95,25.529,0,0,0
7/10/14,-16.1,145.95,25.2488,0,0,0
7/11/14,-16.1,145.95,25.1887,0,0,0
7/12/14,-16.1,145.95,24.9309,0,0,0
7/13/14,-16.1,145.95,24.9357,0,0,0
7/14/14,-16.1,145.95,24.7413,0,0,0
7/15/14,-16.1,145.95,24.6406,0,0,0
7/16/14,-16.1,145.95,24.6947,0,0,0
7/17/14,-16.1,145.95,24.671,0,0,0
7/18/14,-16.1,145.95,24.7448,0,0,0
7/19/14,-16.1,145.95,24.4924,0,0,0
7/20/14,-16.1,145.95,24.4413,0,0,0
7/21/14,-16.1,145.95,24.3964,0,0,0
7/22/14,-16.1,145.95,24.5123,0,0,0
7/23/14,-16.1,145.95,24.823,0,0,0
7/24/14,-16.1,145.95,24.805,0,0,0
7/25/14,-16.1,145.95,25.063,0,0,0
7/26/14,-16.1,145.95,24.9201,0,0,0
7/27/14,-16.1,145.95,24.8065,0,0,0
7/28/14,-16.1,145.95,24.8662,0,0,0
7/29/14,-16.1,145.95,24.6334,0,0,0
7/30/14,-16.1,145.95,24.5423,0,0,0
7/31/14,-16.1,145.95,24.7728,0,0,0
8/1/14,-16.1,145.95,24.6134,0,0,0
8/2/14,-16.1,145.95,24.6538,0,0,0
8/3/14,-16.1,145.95,24.6631,0,0,0
8/4/14,-16.1,145.95,24.4549,0,0,0
8/5/14,-16.1,145.95,24.2387,0,0,0
8/6/14,-16.1,145.95,24.3551,0,0,0
8/7/14,-16.1,145.95,24.3192,0,0,0
8/8/14,-16.1,145.95,24.1615,0,0,0
8/9/14,-16.1,145.95,24.1543,0,0,0
8/10/14,-16.1,145.95,24.1676,0,0,0
8/11/14,-16.1,145.95,24.3766,0,0,0
8/12/14,-16.1,145.95,24.3654,0,0,0
8/13/14,-16.1,145.95,24.446,0,0,0
8/14/14,-16.1,145.95,24.3365,0,0,0
8/15/14,-16.1,145.95,24.1035,0,0,0
8/16/14,-16.1,145.95,24.9418,0,0,0
8/17/14,-16.1,145.95,24.6843,0,0,0
8/18/14,-16.1,145.95,24.5161,0,0,0
8/19/14,-16.1,145.95,24.8251,0,0,0
8/20/14,-16.1,145.95,24.7494,0,0,0
8/21/14,-16.1,145.95,25.0106,0,0,0
8/22/14,-16.1,145.95,24.9456,0,0,0
8/23/14,-16.1,145.95,24.8951,0,0,0
8/24/14,-16.1,145.95,25.0664,0,0,0
8/25/14,-16.1,145.95,24.7889,0,0,0
8/26/14,-16.1,145.95,25,0,0,0
8/27/14,-16.1,145.95,24.7405,0,0,0
8/28/14,-16.1,145.95,24.7286,0,0,0
8/29/14,-16.1,145.95,24.5436,0,0,0
8/30/14,-16.1,145.95,24.4891,0,0,0
8/31/14,-16.1,145.95,24.5717,0,0,0
9/1/14,-16.1,145.95,24.5985,0,0,0
9/2/14,-16.1,145.95,24.7136,0,0,0
9/3/14,-16.1,145.95,24.5678,0,0,0
9/4/14,-16.1,145.95,24.7875,0,0,0
9/5/14,-16.1,145.95,24.904,0,0,0
9/6/14,-16.1,145.95,24.8078,0,0,0
9/7/14,-16.1,145.95,24.7404,0,0,0
9/8/14,-16.1,145.95,24.9705,0,0,0
9/9/14,-16.1,145.95,25.0712,0,0,0
9/10/14,-16.1,145.95,24.8106,0,0,0
9/11/14,-16.1,145.95,24.6941,0,0,0
9/12/14,-16.1,145.95,24.7939,0,0,0
9/13/14,-16.1,145.95,24.8375,0,0,0
9/14/14,-16.1,145.95,24.8443,0,0,0
9/15/14,-16.1,145.95,24.7953,0,0,0
9/16/14,-16.1,145.95,24.9258,0,0,0
9/17/14,-16.1,145.95,25.0944,0,0,0
9/18/14,-16.1,145.95,24.9075,0,0,0
9/19/14,-16.1,145.95,25.0038,0,0,0
9/20/14,-16.1,145.95,25.1572,0,0,0
9/21/14,-16.1,145.95,24.6773,0,0,0
9/22/14,-16.1,145.95,24.8906,0,0,0
9/23/14,-16.1,145.95,25.0727,0,0,0
9/24/14,-16.1,145.95,24.9501,0,0,0
9/25/14,-16.1,145.95,25.0879,0,0,0
9/26/14,-16.1,145.95,25.432,0,0,0
9/27/14,-16.1,145.95,25.7321,0,0,0
9/28/14,-16.1,145.95,25.8373,0,0,0
9/29/14,-16.1,145.95,25.451,0,0,0
9/30/14,-16.1,145.95,25.4151,0,0,0
10/1/14,-16.1,145.95,25.4797,0,0,0
10/2/14,-16.1,145.95,25.4055,0,0,0
10/3/14,-16.1,145.95,25.3084,0,0,0
10/4/14,-16.1,145.95,25.1379,0,0,0
10/5/14,-16.1,145.95,25.1749,0,0,0
10/6/14,-16.1,145.95,25.4668,0,0,0
10/7/14,-16.1,145.95,25.1621,0,0,0
10/8/14,-16.1,145.95,24.9837,0,0,0
10/9/14,-16.1,145.95,25.1435,0,0,0
10/10/14,-16.1,145.95,24.974,0,0,0
10/11/14,-16.1,145.95,25.2561,0,0,0
10/12/14,-16.1,145.95,25.5823,0,0,0
10/13/14,-16.1,145.95,26.0577,0,0,0
10/14/14,-16.1,145.95,26.207,0,0,0
10/15/14,-16.1,145.95,26.2235,0,0,0
10/16/14,-16.1,145.95,26.2784,0,0,0
10/17/14,-16.1,145.95,26.2797,0,0,0
10/18/14,-16.1,145.95,26.2506,0,0,0
10/19/14,-16.1,145.95,25.9417,0,0,0
10/20/14,-16.1,145.95,25.7693,0,0,0
10/21/14,-16.1,145.95,25.9253,0,0,0
10/22/14,-16.1,145.95,26.1314,0,0,0
10/23/14,-16.1,145.95,25.8686,0,0,0
10/24/14,-16.1,145.95,25.607,0,0,0
10/25/14,-16.1,145.95,25.644,0,0,0
10/26/14,-16.1,145.95,25.544,0,0,0
10/27/14,-16.1,145.95,25.5835,0,0,0
10/28/14,-16.1,145.95,26,0,0,0
10/29/14,-16.1,145.95,26.3192,0,0,0
10/30/14,-16.1,145.95,26.0717,0,0,0
10/31/14,-16.1,145.95,26.1528,0,0,0
11/1/14,-16.1,145.95,26.7258,0,0,0
11/2/14,-16.1,145.95,26.8779,0,0,0
11/3/14,-16.1,145.95,27.0248,0,0,0
11/4/14,-16.1,145.95,27.2293,0,0,0
11/5/14,-16.1,145.95,27.3234,0,0,0
11/6/14,-16.1,145.95,26.7356,0,0,0
11/7/14,-16.1,145.95,27.0989,0,0,0
11/8/14,-16.1,145.95,27.0199,0,0,0
11/9/14,-16.1,145.95,26.9931,0,0,0
11/10/14,-16.1,145.95,27.1322,0,0,0
11/11/14,-16.1,145.95,27.1758,0,0,0
11/12/14,-16.1,145.95,27.1504,0,0,0
11/13/14,-16.1,145.95,27.2447,0,0,0
11/14/14,-16.1,145.95,27.4364,0,0,0
11/15/14,-16.1,145.95,27.483,0,0,0
11/16/14,-16.1,145.95,27.7224,0,0,0
11/17/14,-16.1,145.95,27.577,0,0,0
11/18/14,-16.1,145.95,28.1713,0,0,0
11/19/14,-16.1,145.95,28.0535,0,0,0
11/20/14,-16.1,145.95,27.9883,0,0,0
11/21/14,-16.1,145.95,27.875,0,0,0
11/22/14,-16.1,145.95,27.9848,0,0,0
11/23/14,-16.1,145.95,28.3306,0,0,0
11/24/14,-16.1,145.95,28.1873,0,0,0
11/25/14,-16.1,145.95,28.3497,0,0,0
11/26/14,-16.1,145.95,28.3999,0,0,0
11/27/14,-16.1,145.95,28.3652,0,0,0
11/28/14,-16.1,145.95,28.318,0,0,0
11/29/14,-16.1,145.95,28.2211,0,0,0
11/30/14,-16.1,145.95,28.2562,0,0,0
12/1/14,-16.1,145.95,28.7062,0,0,0
12/2/14,-16.1,145.95,28.4562,0,0,0
12/3/14,-16.1,145.95,28.0815,0,0,0
12/4/14,-16.1,145.95,28.1002,0,0,0
12/5/14,-16.1,145.95,28.3285,0,0,0
12/6/14,-16.1,145.95,29.5203,0.9326,0,1
12/7/14,-16.1,145.95,28.5395,0,0,1
12/8/14,-16.1,145.95,28.7519,0.0256,0,1
12/9/14,-16.1,145.95,29.1816,0.3399,0,1
12/10/14,-16.1,145.95,29.0562,0.4746,0,1
12/11/14,-16.1,145.95,29.8076,1.0551,0.1507,2
12/12/14,-16.1,145.95,29.6808,1.1197,0.3107,2
12/13/14,-16.1,145.95,29.6904,1.1352,0.4729,2
12/14/14,-16.1,145.95,29.485,0.6007,0.4729,2
12/15/14,-16.1,145.95,29.3923,0.503,0.4729,2
12/16/14,-16.1,145.95,29.5145,0.6923,0.4729,2
12/17/14,-16.1,145.95,29.5202,0.6681,0.4729,2
12/18/14,-16.1,145.95,29.7328,0.8872,0.4729,2
12/19/14,-16.1,145.95,29.1625,0.4312,0.4729,2
12/20/14,-16.1,145.95,28.9289,0.3582,0.4729,1
12/21/14,-16.1,145.95,28.7827,0.2208,0.4729,1
12/22/14,-16.1,145.95,29.0113,0.0985,0.4729,1
12/23/14,-16.1,145.95,28.7057,0.0848,0.4729,1
12/24/14,-16.1,145.95,28.8393,0.2751,0.4729,1
12/25/14,-16.1,145.95,29.1537,0.5698,0.4729,1
12/26/14,-16.1,145.95,29.2386,0.4265,0.4729,1
12/27/14,-16.1,145.95,29.0836,0.4513,0.4729,1
12/28/14,-16.1,145.95,29.697,0.8935,0.4729,1
12/29/14,-16.1,145.95,30.0276,1.2514,0.6516,2
12/30/14,-16.1,145.95,30.9169,2.319,0.9829,2
12/31/14,-16.1,145.95,29.8166,1.1726,1.1504,2
1/1/15,-16.1,145.95,30.1892,1.2999,1.3361,2
1/2/15,-16.1,145.95,29.6064,0.9757,1.3361,2
1/3/15,-16.1,145.95,29.9525,1.3169,1.5243,2
1/4/15,-16.1,145.95,29.5758,0.8865,1.5243,2
1/5/15,-16.1,145.95,29.1886,0.5879,1.5243,2
1/6/15,-16.1,145.95,30.0579,1.4147,1.7264,2
1/7/15,-16.1,145.95,30.0407,1.1648,1.8927,2
1/8/15,-16.1,145.95,29.1871,0.5777,1.8927,2
1/9/15,-16.1,145.95,29.5237,0.9088,1.8927,2
1/10/15,-16.1,145.95,29.1701,0.5551,1.8927,2
1/11/15,-16.1,145.95,28.9172,0.2666,1.8927,2
1/12/15,-16.1,145.95,29.1263,0.4362,1.8927,2
1/13/15,-16.1,145.95,29.6914,1.0944,2.0491,2
1/14/15,-16.1,145.95,29.5723,0.9344,2.0491,2
1/15/15,-16.1,145.95,29.8032,1.1573,2.2144,2
1/16/15,-16.1,145.95,30.3244,1.6371,2.4483,2
1/17/15,-16.1,145.95,29.7399,0.9447,2.4483,2
1/18/15,-16.1,145.95,30.2476,1.4781,2.6594,2
1/19/15,-16.1,145.95,30.4307,1.7623,2.9112,2
1/20/15,-16.1,145.95,30.5026,1.7574,3.1622,2
1/21/15,-16.1,145.95,30.0238,1.1225,3.3226,2
1/22/15,-16.1,145.95,29.3715,0.6232,3.3226,2
1/23/15,-16.1,145.95,29.634,0.8519,3.3226,2
1/24/15,-16.1,145.95,29.3536,0.6421,3.3226,2
1/25/15,-16.1,145.95,29.6019,0.7836,3.3226,2
1/26/15,-16.1,145.95,29.18,0.608,3.3226,2
1/27/15,-16.1,145.95,29.5298,0.8487,3.3226,2
1/28/15,-16.1,145.95,29.7386,1.0327,3.4701,2
1/29/15,-16.1,145.95,29.8552,1.1533,3.6349,2
1/30/15,-16.1,145.95,30.2238,1.4771,3.8459,2
1/31/15,-16.1,145.95,30.0253,1.3341,4.0365,3
2/1/15,-16.1,145.95,30.6314,1.8395,4.2993,3
2/2/15,-16.1,145.95,30.378,1.6022,4.5282,3
2/3/15,-16.1,145.95,30.4095,1.5026,4.7428,3
2/4/15,-16.1,145.95,30.0056,1.3522,4.936,3
2/5/15,-16.1,145.95,30.081,1.3092,5.123,3
2/6/15,-16.1,145.95,30.0363,1.32,5.3116,3
2/7/15,-16.1,145.95,29.8282,1.2423,5.489,3
2/8/15,-16.1,145.95,29.6274,0.9921,5.489,3
2/9/15,-16.1,145.95,29.2535,0.6939,5.489,3
2/10/15,-16.1,145.95,29.5629,0.6674,5.489,3
2/11/15,-16.1,145.95,29.1635,0.5775,5.489,3
2/12/15,-16.1,145.95,28.6509,0.0391,5.489,3
2/13/15,-16.1,145.95,28.826,0.0498,5.489,3
2/14/15,-16.1,145.95,28.8525,0.2227,5.489,1
2/15/15,-16.1,145.95,29.2849,0.5612,5.489,1
2/16/15,-16.1,145.95,28.8921,0.2885,5.489,1
2/17/15,-16.1,145.95,28.5763,0.0123,5.489,1
2/18/15,-16.1,145.95,28.5216,0,5.489,1
2/19/15,-16.1,145.95,28.9011,0.2409,5.489,1
2/20/15,-16.1,145.95,29.5199,0.6516,5.489,1
2/21/15,-16.1,145.95,29.5948,0.8959,5.489,1
2/22/15,-16.1,145.95,29.7861,1.1302,5.6505,3
2/23/15,-16.1,145.95,30.2785,1.526,5.8685,3
2/24/15,-16.1,145.95,30.1493,1.4078,6.0696,3
2/25/15,-16.1,145.95,29.7438,0.947,6.0696,3
2/26/15,-16.1,145.95,29.5798,0.9718,6.0696,3
2/27/15,-16.1,145.95,29.843,1.2039,6.2416,3
2/28/15,-16.1,145.95,29.7125,1.0873,6.3969,3
3/1/15,-16.1,145.95,30.0398,1.2308,6.5727,3
3/2/15,-16.1,145.95,30.36,1.7547,6.8234,3
3/3/15,-16.1,145.95,30.1715,1.5512,7.045,3
3/4/15,-16.1,145.95,30.1916,1.5566,7.2674,3
3/5/15,-16.1,145.95,30.3431,1.7261,7.3632,3
3/6/15,-16.1,145.95,30.7876,2.0545,7.4968,3
3/7/15,-16.1,145.95,31.3593,2.8062,7.7355,3
3/8/15,-16.1,145.95,30.9536,2.3557,8.072,4
3/9/15,-16.1,145.95,31.005,2.4264,8.4186,4
3/10/15,-16.1,145.95,31.1388,2.5107,8.7773,4
3/11/15,-16.1,145.95,30.3873,1.7902,9.033,4
3/12/15,-16.1,145.95,29.5599,0.8992,9.033,4
3/13/15,-16.1,145.95,29.4553,0.7797,9.033,4
3/14/15,-16.1,145.95,29.6841,1.063,9.1849,4
3/15/15,-16.1,145.95,29.7187,1.0491,9.3348,4
3/16/15,-16.1,145.95,28.9702,0.3857,9.3348,4
3/17/15,-16.1,145.95,28.8691,0.3014,9.3348,4
3/18/15,-16.1,145.95,28.9323,0.3173,9.3348,4
3/19/15,-16.1,145.95,28.5661,0,9.3348,4
3/20/15,-16.1,145.95,29.1337,0.3224,9.3348,4
3/21/15,-16.1,145.95,29.0026,0.2214,9.3348,4
3/22/15,-16.1,145.95,28.9899,0.3781,9.3348,1
3/23/15,-16.1,145.95,28.77,0.1976,9.156,1
3/24/15,-16.1,145.95,28.9713,0.2694,8.8247,1
3/25/15,-16.1,145.95,28.9619,0.3605,8.6572,1
3/26/15,-16.1,145.95,29.2108,0.5034,8.4715,1
3/27/15,-16.1,145.95,29.1555,0.4265,8.4715,1
3/28/15,-16.1,145.95,28.8092,0.0912,8.2834,1
3/29/15,-16.1,145.95,28.6365,0,8.2834,1
3/30/15,-16.1,145.95,28.6082,0,8.2834,1
3/31/15,-16.1,145.95,28.7058,0,8.0813,1
4/1/15,-16.1,145.95,28.6159,0,7.9149,1
4/2/15,-16.1,145.95,29.0392,0.2908,7.9149,1
4/3/15,-16.1,145.95,29.0182,0.332,7.9149,1
4/4/15,-16.1,145.95,28.9965,0.2873,7.9149,1
4/5/15,-16.1,145.95,29.4638,0.77,7.9149,1
4/6/15,-16.1,145.95,29.0377,0.4588,7.9149,1
4/7/15,-16.1,145.95,29.0779,0.4306,7.7585,1
4/8/15,-16.1,145.95,28.948,0.1911,7.7585,1
4/9/15,-16.1,145.95,28.4085,0,7.5932,1
4/10/15,-16.1,145.95,28.6805,0,7.3593,1
4/11/15,-16.1,145.95,28.4411,0,7.3593,1
4/12/15,-16.1,145.95,28.369,0,7.1482,1
4/13/15,-16.1,145.95,28.6234,0,6.8964,1
4/14/15,-16.1,145.95,28.2173,0,6.6454,1
4/15/15,-16.1,145.95,28.3426,0,6.485,0
4/16/15,-16.1,145.95,28.2792,0,6.485,0
4/17/15,-16.1,145.95,27.9552,0,6.485,0
4/18/15,-16.1,145.95,27.8011,0,6.485,0
4/19/15,-16.1,145.95,27.926,0,6.485,0
4/20/15,-16.1,145.95,27.8872,0,6.485,0
4/21/15,-16.1,145.95,27.7385,0,6.485,0
4/22/15,-16.1,145.95,27.739,0,6.3375,0
4/23/15,-16.1,145.95,27.5935,0,6.1727,0
4/24/15,-16.1,145.95,27.7962,0,5.9617,0
4/25/15,-16.1,145.95,27.9697,0,5.7711,0
4/26/15,-16.1,145.95,27.6393,0,5.5084,0
4/27/15,-16.1,145.95,27.4976,0,5.2795,0
4/28/15,-16.1,145.95,27.5237,0,5.0648,0
4/29/15,-16.1,145.95,27.5587,0,4.8716,0
4/30/15,-16.1,145.95,27.5225,0,4.6846,0
5/1/15,-16.1,145.95,27.6141,0,4.496,0
5/2/15,-16.1,145.95,27.8208,0,4.3186,0
5/3/15,-16.1,145.95,27.8395,0,4.3186,0
5/4/15,-16.1,145.95,28.1844,0,4.3186,0
5/5/15,-16.1,145.95,27.745,0,4.3186,0
5/6/15,-16.1,145.95,27.5475,0,4.3186,0
5/7/15,-16.1,145.95,27.3997,0,4.3186,0
5/8/15,-16.1,145.95,27.1193,0,4.3186,0
5/9/15,-16.1,145.95,26.9889,0,4.3186,0
5/10/15,-16.1,145.95,26.764,0,4.3186,0
5/11/15,-16.1,145.95,26.8227,0,4.3186,0
5/12/15,-16.1,145.95,26.9231,0,4.3186,0
5/13/15,-16.1,145.95,26.7468,0,4.3186,0
5/14/15,-16.1,145.95,26.9443,0,4.3186,0
5/15/15,-16.1,145.95,27.051,0,4.3186,0
5/16/15,-16.1,145.95,27.1291,0,4.3186,0
5/17/15,-16.1,145.95,27.0055,0,4.1571,0
5/18/15,-16.1,145.95,27.0421,0,3.9391,0
5/19/15,-16.1,145.95,26.8363,0,3.738,0
5/20/15,-16.1,145.95,26.9927,0,3.738,0
5/21/15,-16.1,145.95,26.9997,0,3.738,0
5/22/15,-16.1,145.95,26.6958,0,3.566,0
5/23/15,-16.1,145.95,26.4459,0,3.4107,0
5/24/15,-16.1,145.95,26.1188,0,3.2349,0
5/25/15,-16.1,145.95,25.9865,0,2.9842,0
5/26/15,-16.1,145.95,25.9986,0,2.7626,0
5/27/15,-16.1,145.95,25.7496,0,2.5403,0
5/28/15,-16.1,145.95,25.9423,0,2.2937,0
5/29/15,-16.1,145.95,25.7801,0,2.0002,0
5/30/15,-16.1,145.95,25.6576,0,1.5993,0
5/31/15,-16.1,145.95,25.2179,0,1.2628,0
6/1/15,-16.1,145.95,26.5897,0,0.9161,0
6/2/15,-16.1,145.95,26.4464,0,0.5575,0
6/3/15,-16.1,145.95,26.3669,0,0.3017,0
6/4/15,-16.1,145.95,26.6987,0,0.3017,0
6/5/15,-16.1,145.95,26.8494,0,0.3017,0
6/6/15,-16.1,145.95,27.0542,0,0.1499,0
6/7/15,-16.1,145.95,26.8709,0,0,0
6/8/15,-16.1,145.95,26.597,0,0,0
6/9/15,-16.1,145.95,26.4516,0,0,0
6/10/15,-16.1,145.95,26.3642,0,0,0
6/11/15,-16.1,145.95,25.859,0,0,0
6/12/15,-16.1,145.95,25.9513,0,0,0
6/13/15,-16.1,145.95,25.7279,0,0,0
6/14/15,-16.1,145.95,25.674,0,0,0
6/15/15,-16.1,145.95,25.9702,0,0,0
6/16/15,-16.1,145.95,25.612,0,0,0
6/17/15,-16.1,145.95,25.7735,0,0,0
6/18/15,-16.1,145.95,25.7506,0,0,0
6/19/15,-16.1,145.95,25.8321,0,0,0
6/20/15,-16.1,145.95,25.9355,0,0,0
6/21/15,-16.1,145.95,25.9911,0,0,0
6/22/15,-16.1,145.95,25.8393,0,0,0
6/23/15,-16.1,145.95,25.73,0,0,0
6/24/15,-16.1,145.95,25.8618,0,0,0
6/25/15,-16.1,145.95,25.6451,0,0,0
6/26/15,-16.1,145.95,25.6251,0,0,0
6/27/15,-16.1,145.95,25.4231,0,0,0
6/28/15,-16.1,145.95,25.2548,0,0,0
6/29/15,-16.1,145.95,24.7288,0,0,0
6/30/15,-16.1,145.95,25.0524,0,0,0
7/1/15,-16.1,145.95,25.2096,0,0,0
7/2/15,-16.1,145.95,25.2884,0,0,0
7/3/15,-16.1,145.95,25.078,0,0,0
7/4/15,-16.1,145.95,25.06,0,0,0
7/5/15,-16.1,145.95,25.1469,0,0,0
7/6/15,-16.1,145.95,25.1197,0,0,0
7/7/15,-16.1,145.95,25.2621,0,0,0
7/8/15,-16.1,145.95,25.2365,0,0,0
7/9/15,-16.1,145.95,25.1784,0,0,0
7/10/15,-16.1,145.95,25.206,0,0,0
7/11/15,-16.1,145.95,25.4552,0,0,0
7/12/15,-16.1,145.95,25.1887,0,0,0
7/13/15,-16.1,145.95,25.1693,0,0,0
7/14/15,-16.1,145.95,25.3361,0,0,0
7/15/15,-16.1,145.95,25.2491,0,0,0
7/16/15,-16.1,145.95,25.2135,0,0,0
7/17/15,-16.1,145.95,25.572,0,0,0
7/18/15,-16.1,145.95,25.6178,0,0,0
7/19/15,-16.1,145.95,25.5884,0,0,0
7/20/15,-16.1,145.95,24.7627,0,0,0
7/21/15,-16.1,145.95,25.3466,0,0,0
7/22/15,-16.1,145.95,25.486,0,0,0
7/23/15,-16.1,145.95,25.3884,0,0,0
7/24/15,-16.1,145.95,25.4935,0,0,0
7/25/15,-16.1,145.95,25.4783,0,0,0
7/26/15,-16.1,145.95,25.5005,0,0,0
7/27/15,-16.1,145.95,25.4037,0,0,0
7/28/15,-16.1,145.95,25.1719,0,0,0
7/29/15,-16.1,145.95,24.9729,0,0,0
7/30/15,-16.1,145.95,24.866,0,0,0
7/31/15,-16.1,145.95,24.7192,0,0,0
8/1/15,-16.1,145.95,24.6113,0,0,0
8/2/15,-16.1,145.95,24.7654,0,0,0
8/3/15,-16.1,145.95,24.8562,0,0,0
8/4/15,-16.1,145.95,24.7799,0,0,0
8/5/15,-16.1,145.95,24.7476,0,0,0
8/6/15,-16.1,145.95,24.8151,0,0,0
8/7/15,-16.1,145.95,24.9197,0,0,0
8/8/15,-16.1,145.95,24.9454,0,0,0
8/9/15,-16.1,145.95,24.885,0,0,0
8/10/15,-16.1,145.95,24.6735,0,0,0
8/11/15,-16.1,145.95,24.8717,0,0,0
8/12/15,-16.1,145.95,24.7995,0,0,0
8/13/15,-16.1,145.95,24.8515,0,0,0
8/14/15,-16.1,145.95,24.7941,0,0,0
8/15/15,-16.1,145.95,24.6317,0,0,0
8/16/15,-16.1,145.95,24.4883,0,0,0
8/17/15,-16.1,145.95,24.6863,0,0,0
8/18/15,-16.1,145.95,24.7181,0,0,0
8/19/15,-16.1,145.95,24.7589,0,0,0
8/20/15,-16.1,145.95,24.4352,0,0,0
8/21/15,-16.1,145.95,24.885,0,0,0
8/22/15,-16.1,145.95,24.7668,0,0,0
8/23/15,-16.1,145.95,25.0327,0,0,0
8/24/15,-16.1,145.95,25.2123,0,0,0
8/25/15,-16.1,145.95,25.2568,0,0,0
8/26/15,-16.1,145.95,25.569,0,0,0
8/27/15,-16.1,145.95,25.632,0,0,0
8/28/15,-16.1,145.95,25.7258,0,0,0
8/29/15,-16.1,145.95,25.6863,0,0,0
8/30/15,-16.1,145.95,25.8185,0,0,0
8/31/15,-16.1,145.95,26.0236,0,0,0
9/1/15,-16.1,145.95,26.1711,0,0,0
9/2/15,-16.1,145.95,26.106,0,0,0
9/3/15,-16.1,145.95,25.987,0,0,0
9/4/15,-16.1,145.95,26.0505,0,0,0
9/5/15,-16.1,145.95,25.7981,0,0,0
9/6/15,-16.1,145.95,25.8309,0,0,0
9/7/15,-16.1,145.95,25.5874,0,0,0
9/8/15,-16.1,145.95,25.5639,0,0,0
9/9/15,-16.1,145.95,25.671,0,0,0
9/10/15,-16.1,145.95,26.0404,0,0,0
9/11/15,-16.1,145.95,25.4262,0,0,0
9/12/15,-16.1,145.95,25.3883,0,0,0
9/13/15,-16.1,145.95,25.2168,0,0,0
9/14/15,-16.1,145.95,25.2274,0,0,0
9/15/15,-16.1,145.95,25.2469,0,0,0
9/16/15,-16.1,145.95,25.4724,0,0,0
9/17/15,-16.1,145.95,25.7368,0,0,0
9/18/15,-16.1,145.95,25.6113,0,0,0
9/19/15,-16.1,145.95,25.99,0,0,0
9/20/15,-16.1,145.95,25.8829,0,0,0
9/21/15,-16.1,145.95,25.3182,0,0,0
9/22/15,-16.1,145.95,25.4028,0,0,0
9/23/15,-16.1,145.95,25.2878,0,0,0
9/24/15,-16.1,145.95,25.2378,0,0,0
9/25/15,-16.1,145.95,25.3112,0,0,0
9/26/15,-16.1,145.95,25.1868,0,0,0
9/27/15,-16.1,145.95,25.2851,0,0,0
9/28/15,-16.1,145.95,25.1006,0,0,0
9/29/15,-16.1,145.95,25.1056,0,0,0
9/30/15,-16.1,145.95,25.1006,0,0,0
10/1/15,-16.1,145.95,25.3753,0,0,0
10/2/15,-16.1,145.95,25.0824,0,0,0
10/3/15,-16.1,145.95,24.9672,0,0,0
10/4/15,-16.1,145.95,24.9532,0,0,0
10/5/15,-16.1,145.95,24.8964,0,0,0
10/6/15,-16.1,145.95,24.9724,0,0,0
10/7/15,-16.1,145.95,24.8814,0,0,0
10/8/15,-16.1,145.95,24.9956,0,0,0
10/9/15,-16.1,145.95,24.8646,0,0,0
10/10/15,-16.1,145.95,24.9694,0,0,0
10/11/15,-16.1,145.95,25.0824,0,0,0
10/12/15,-16.1,145.95,24.9813,0,0,0
10/13/15,-16.1,145.95,25.0225,0,0,0
10/14/15,-16.1,145.95,25.0142,0,0,0
10/15/15,-16.1,145.95,24.9793,0,0,0
10/16/15,-16.1,145.95,25.0559,0,0,0
10/17/15,-16.1,145.95,25.0204,0,0,0
10/18/15,-16.1,145.95,24.9674,0,0,0
10/19/15,-16.1,145.95,25.0781,0,0,0
10/20/15,-16.1,145.95,25.1488,0,0,0
10/21/15,-16.1,145.95,25.2291,0,0,0
10/22/15,-16.1,145.95,25.6222,0,0,0
10/23/15,-16.1,145.95,25.975,0,0,0
10/24/15,-16.1,145.95,26.1334,0,0,0
10/25/15,-16.1,145.95,25.8483,0,0,0
10/26/15,-16.1,145.95,25.8975,0,0,0
10/27/15,-16.1,145.95,25.9746,0,0,0
10/28/15,-16.1,145.95,26.0027,0,0,0
10/29/15,-16.1,145.95,26.3649,0,0,0
10/30/15,-16.1,145.95,26.0909,0,0,0
10/31/15,-16.1,145.95,26.4169,0,0,0
11/1/15,-16.1,145.95,26.4573,0,0,0
11/2/15,-16.1,145.95,26.4858,0,0,0
11/3/15,-16.1,145.95,26.5629,0,0,0
11/4/15,-16.1,145.95,26.6956,0,0,0
11/5/15,-16.1,145.95,26.5139,0,0,0
11/6/15,-16.1,145.95,27.1954,0,0,0
11/7/15,-16.1,145.95,27.5591,0,0,0
11/8/15,-16.1,145.95,27.2108,0,0,0
11/9/15,-16.1,145.95,27.4237,0,0,0
11/10/15,-16.1,145.95,27.0375,0,0,0
11/11/15,-16.1,145.95,26.998,0,0,0
11/12/15,-16.1,145.95,27.2904,0,0,0
11/13/15,-16.1,145.95,27.4738,0,0,0
11/14/15,-16.1,145.95,27.7621,0,0,0
11/15/15,-16.1,145.95,27.4702,0,0,0
11/16/15,-16.1,145.95,27.7077,0,0,0
11/17/15,-16.1,145.95,27.9377,0,0,0
11/18/15,-16.1,145.95,27.4403,0,0,0
11/19/15,-16.1,145.95,27.503,0,0,0
11/20/15,-16.1,145.95,27.5385,0,0,0
11/21/15,-16.1,145.95,27.2963,0,0,0
11/22/15,-16.1,145.95,27.3381,0,0,0
11/23/15,-16.1,145.95,27.5817,0,0,0
11/24/15,-16.1,145.95,27.8299,0,0,0
11/25/15,-16.1,145.95,28.0625,0,0,0
11/26/15,-16.1,145.95,28.0398,0,0,0
11/27/15,-16.1,145.95,28.1683,0,0,0
11/28/15,-16.1,145.95,28.3848,0,0,0
11/29/15,-16.1,145.95,28.3288,0,0,0
11/30/15,-16.1,145.95,28.6846,0,0,0
12/1/15,-16.1,145.95,28.4247,0,0,0
12/2/15,-16.1,145.95,28.0389,0,0,0
12/3/15,-16.1,145.95,28.4442,0,0,0
12/4/15,-16.1,145.95,28.508,0,0,0
12/5/15,-16.1,145.95,28.2622,0,0,0
12/6/15,-16.1,145.95,28.4609,0,0,0
12/7/15,-16.1,145.95,28.4177,0,0,0
12/8/15,-16.1,145.95,28.4383,0,0,0
12/9/15,-16.1,145.95,28.4436,0,0,0
12/10/15,-16.1,145.95,28.4638,0,0,0
12/11/15,-16.1,145.95,28.5622,0,0,0
12/12/15,-16.1,145.95,28.3354,0,0,0
12/13/15,-16.1,145.95,28.4919,0,0,0
12/14/15,-16.1,145.95,28.7761,0,0,0
12/15/15,-16.1,145.95,28.7761,0,0,0
12/16/15,-16.1,145.95,28.6742,0.1131,0,1
12/17/15,-16.1,145.95,28.6746,0.0068,0,1
12/18/15,-16.1,145.95,28.2585,0,0,1
12/19/15,-16.1,145.95,28.3313,0,0,1
12/20/15,-16.1,145.95,28.3924,0,0,1
12/21/15,-16.1,145.95,28.3692,0,0,1
12/22/15,-16.1,145.95,28.3704,0,0,1
12/23/15,-16.1,145.95,28.2512,0,0,1
12/24/15,-16.1,145.95,28.3735,0,0,0
12/25/15,-16.1,145.95,28.2682,0,0,0
12/26/15,-16.1,145.95,28.2992,0,0,0
12/27/15,-16.1,145.95,28.3324,0,0,0
12/28/15,-16.1,145.95,28.2187,0,0,0
12/29/15,-16.1,145.95,28.3198,0,0,0
12/30/15,-16.1,145.95,28.1733,0,0,0
12/31/15,-16.1,145.95,28.1083,0,0,0
1/1/16,-16.1,145.95,28.2231,0,0,0
1/2/16,-16.1,145.95,28.3612,0,0,0
1/3/16,-16.1,145.95,28.4472,0,0,0
1/4/16,-16.1,145.95,28.9566,0.0763,0,1
1/5/16,-16.1,145.95,29.2256,0.3628,0,1
1/6/16,-16.1,145.95,29.3132,0.6729,0,1
1/7/16,-16.1,145.95,29.522,0.7999,0,1
1/8/16,-16.1,145.95,29.6118,0.8741,0,1
1/9/16,-16.1,145.95,29.684,0.9916,0,1
1/10/16,-16.1,145.95,29.7144,0.8688,0,1
1/11/16,-16.1,145.95,29.4522,0.6906,0,1
1/12/16,-16.1,145.95,29.4185,0.6014,0,1
1/13/16,-16.1,145.95,29.1284,0.5036,0,1
1/14/16,-16.1,145.95,29.0693,0.4724,0,1
1/15/16,-16.1,145.95,29.2099,0.6301,0,1
1/16/16,-16.1,145.95,29.4798,0.6843,0,1
1/17/16,-16.1,145.95,29.402,0.7001,0,1
1/18/16,-16.1,145.95,29.1653,0.5314,0,1
1/19/16,-16.1,145.95,29.3836,0.6417,0,1
1/20/16,-16.1,145.95,29.5254,0.7193,0,1
1/21/16,-16.1,145.95,29.1803,0.5324,0,1
1/22/16,-16.1,145.95,29.2394,0.5752,0,1
1/23/16,-16.1,145.95,29.3571,0.7894,0,1
1/24/16,-16.1,145.95,29.4843,0.8517,0,1
1/25/16,-16.1,145.95,29.1962,0.6287,0,1
1/26/16,-16.1,145.95,29.4546,0.895,0,1
1/27/16,-16.1,145.95,29.5642,0.8784,0,1
1/28/16,-16.1,145.95,29.586,1.0258,0.1465,2
1/29/16,-16.1,145.95,29.6681,0.9741,0.1465,2
1/30/16,-16.1,145.95,30.3064,1.6157,0.3773,2
1/31/16,-16.1,145.95,29.8372,1.2513,0.5561,2
2/1/16,-16.1,145.95,29.9606,1.3173,0.7443,2
2/2/16,-16.1,145.95,30.1306,1.5036,0.9591,2
2/3/16,-16.1,145.95,29.8732,1.2155,1.1327,2
2/4/16,-16.1,145.95,29.7955,1.1864,1.3022,2
2/5/16,-16.1,145.95,30.0885,1.2568,1.4818,2
2/6/16,-16.1,145.95,29.8626,1.2727,1.6636,2
2/7/16,-16.1,145.95,29.9005,1.2582,1.8433,2
2/8/16,-16.1,145.95,30.0866,1.4214,2.0464,2
2/9/16,-16.1,145.95,29.825,1.1921,2.2167,2
2/10/16,-16.1,145.95,29.7645,1.1949,2.3874,2
2/11/16,-16.1,145.95,29.7137,1.1711,2.5547,2
2/12/16,-16.1,145.95,29.7208,1.0887,2.7102,2
2/13/16,-16.1,145.95,29.7232,1.0936,2.8664,2
2/14/16,-16.1,145.95,30.1716,1.5431,3.0869,2
2/15/16,-16.1,145.95,30.164,1.5428,3.3073,2
2/16/16,-16.1,145.95,30.2205,1.6341,3.5407,2
2/17/16,-16.1,145.95,30.438,1.7962,3.7973,2
2/18/16,-16.1,145.95,30.6962,2.0442,4.0894,3
2/19/16,-16.1,145.95,30.5189,1.9048,4.3615,3
2/20/16,-16.1,145.95,30.7293,2.0918,4.6603,3
2/21/16,-16.1,145.95,30.5739,2.0313,4.9505,3
2/22/16,-16.1,145.95,30.3521,1.8063,5.2085,3
2/23/16,-16.1,145.95,30.1248,1.5772,5.4338,3
2/24/16,-16.1,145.95,30.1918,1.493,5.6471,3
2/25/16,-16.1,145.95,30.0864,1.4501,5.8543,3
2/26/16,-16.1,145.95,30.0998,1.4665,6.0638,3
2/27/16,-16.1,145.95,30.1503,1.5244,6.2816,3
2/28/16,-16.1,145.95,30.2538,1.607,6.5111,3
2/29/16,-16.1,145.95,30.6382,2.0064,6.7978,3
3/1/16,-16.1,145.95,30.4233,1.6907,7.0393,3
3/2/16,-16.1,145.95,30.1617,1.4955,7.2529,3
3/3/16,-16.1,145.95,29.6685,1.0632,7.4048,3
3/4/16,-16.1,145.95,29.6943,1.0784,7.5589,3
3/5/16,-16.1,145.95,29.5761,0.9959,7.5589,3
3/6/16,-16.1,145.95,29.7482,1.1012,7.7162,3
3/7/16,-16.1,145.95,29.5922,0.9831,7.7162,3
3/8/16,-16.1,145.95,29.5617,1.0079,7.8602,3
3/9/16,-16.1,145.95,29.8391,1.2772,8.0426,4
3/10/16,-16.1,145.95,29.9056,1.2909,8.227,4
3/11/16,-16.1,145.95,29.8553,1.2386,8.404,4
3/12/16,-16.1,145.95,30.0908,1.48,8.6154,4
3/13/16,-16.1,145.95,30.1076,1.4968,8.8292,4
3/14/16,-16.1,145.95,30.0574,1.4968,9.0431,4
3/15/16,-16.1,145.95,30.0461,1.4502,9.2502,4
3/16/16,-16.1,145.95,30.033,1.4584,9.4586,4
3/17/16,-16.1,145.95,29.9418,1.2755,9.6408,4
3/18/16,-16.1,145.95,29.6254,0.9505,9.6408,4
3/19/16,-16.1,145.95,29.9033,1.2355,9.8173,4
3/20/16,-16.1,145.95,29.5075,0.9455,9.8173,4
3/21/16,-16.1,145.95,29.4924,0.9249,9.8173,4
3/22/16,-16.1,145.95,30.2107,1.5085,10.0328,4
3/23/16,-16.1,145.95,30.2526,1.57,10.2571,4
3/24/16,-16.1,145.95,29.9576,1.3731,10.4532,4
3/25/16,-16.1,145.95,29.8555,1.2228,10.6279,4
3/26/16,-16.1,145.95,29.6952,1.1114,10.7867,4
3/27/16,-16.1,145.95,29.6422,1.0249,10.9331,4
3/28/16,-16.1,145.95,29.7484,1.1136,11.0922,4
3/29/16,-16.1,145.95,29.7059,1.049,11.242,4
3/30/16,-16.1,145.95,29.7082,1.1074,11.4002,4
3/31/16,-16.1,145.95,29.4889,0.9046,11.4002,4
4/1/16,-16.1,145.95,29.3605,0.7552,11.4002,4
4/2/16,-16.1,145.95,29.3093,0.7255,11.4002,4
4/3/16,-16.1,145.95,29.1365,0.525,11.4002,4
4/4/16,-16.1,145.95,29.1191,0.5424,11.4002,4
4/5/16,-16.1,145.95,29.0826,0.4835,11.4002,4
4/6/16,-16.1,145.95,28.9623,0.3605,11.4002,1
4/7/16,-16.1,145.95,28.7073,0.1056,11.4002,1
4/8/16,-16.1,145.95,28.7923,0.1787,11.4002,1
4/9/16,-16.1,145.95,28.8415,0.1929,11.4002,1
4/10/16,-16.1,145.95,28.838,0.2409,11.4002,1
4/11/16,-16.1,145.95,28.7372,0.1121,11.4002,1
4/12/16,-16.1,145.95,28.7578,0.169,11.4002,1
4/13/16,-16.1,145.95,28.5002,0,11.4002,1
4/14/16,-16.1,145.95,28.6191,0,11.4002,1
4/15/16,-16.1,145.95,28.4557,0,11.4002,1
4/16/16,-16.1,145.95,28.5829,0,11.4002,1
4/17/16,-16.1,145.95,28.4869,0,11.4002,1
4/18/16,-16.1,145.95,28.4422,0,11.4002,1
4/19/16,-16.1,145.95,28.429,0,11.4002,0
4/20/16,-16.1,145.95,28.1978,0,11.4002,0
4/21/16,-16.1,145.95,28.3108,0,11.2537,0
4/22/16,-16.1,145.95,28.5441,0,11.2537,0
4/23/16,-16.1,145.95,28.19,0,11.0229,0
4/24/16,-16.1,145.95,28.3359,0,10.8441,0
4/25/16,-16.1,145.95,28.2243,0,10.6559,0
4/26/16,-16.1,145.95,28.1814,0,10.4411,0
4/27/16,-16.1,145.95,28.1157,0,10.2675,0
4/28/16,-16.1,145.95,27.9451,0,10.098,0
4/29/16,-16.1,145.95,27.7854,0,9.9185,0
4/30/16,-16.1,145.95,27.9088,0,9.7367,0
5/1/16,-16.1,145.95,27.9604,0,9.5569,0
5/2/16,-16.1,145.95,28.0269,0,9.3539,0
5/3/16,-16.1,145.95,28.1447,0,9.1836,0
5/4/16,-16.1,145.95,28.1504,0,9.0129,0
5/5/16,-16.1,145.95,28.2334,0,8.8456,0
5/6/16,-16.1,145.95,28.236,0,8.69,0
5/7/16,-16.1,145.95,28.3549,0,8.5338,0
5/8/16,-16.1,145.95,28.4292,0,8.3133,0
5/9/16,-16.1,145.95,28.3427,0,8.0929,0
5/10/16,-16.1,145.95,28.3741,0,7.8595,0
5/11/16,-16.1,145.95,28.1145,0,7.6029,0
5/12/16,-16.1,145.95,28.0753,0,7.3109,0
5/13/16,-16.1,145.95,27.9561,0,7.0388,0
5/14/16,-16.1,145.95,27.8755,0,6.7399,0
5/15/16,-16.1,145.95,27.8231,0,6.4497,0
5/16/16,-16.1,145.95,27.844,0,6.1917,0
5/17/16,-16.1,145.95,27.7878,0,5.9664,0
5/18/16,-16.1,145.95,27.7523,0,5.7531,0
5/19/16,-16.1,145.95,27.5887,0,5.5459,0
5/20/16,-16.1,145.95,27.5526,0,5.3364,0
5/21/16,-16.1,145.95,27.3592,0,5.1187,0
5/22/16,-16.1,145.95,27.3005,0,4.8891,0
5/23/16,-16.1,145.95,27.3302,0,4.6025,0
5/24/16,-16.1,145.95,27.342,0,4.3609,0
5/25/16,-16.1,145.95,27.2414,0,4.1473,0
5/26/16,-16.1,145.95,27.2983,0,3.9954,0
5/27/16,-16.1,145.95,27.6792,0,3.8414,0
5/28/16,-16.1,145.95,27.6417,0,3.8414,0
5/29/16,-16.1,145.95,27.522,0,3.684,0
5/30/16,-16.1,145.95,27.2796,0,3.684,0
5/31/16,-16.1,145.95,27.1712,0,3.5401,0
6/1/16,-16.1,145.95,27.1232,0,3.3576,0
6/2/16,-16.1,145.95,27.1004,0,3.1732,0
6/3/16,-16.1,145.95,27.3691,0,2.9963,0
6/4/16,-16.1,145.95,27.4161,0,2.7848,0
6/5/16,-16.1,145.95,27.2432,0,2.571,0
6/6/16,-16.1,145.95,27.1549,0,2.3572,0
6/7/16,-16.1,145.95,27.2764,0,2.15,0
6/8/16,-16.1,145.95,27.3296,0,1.9417,0
6/9/16,-16.1,145.95,27.3145,0,1.7594,0
6/10/16,-16.1,145.95,27.3057,0,1.7594,0
6/11/16,-16.1,145.95,27.2637,0,1.5829,0
6/12/16,-16.1,145.95,27.3077,0,1.5829,0
6/13/16,-16.1,145.95,27.1011,0,1.5829,0
6/14/16,-16.1,145.95,26.8608,0,1.3674,0
6/15/16,-16.1,145.95,26.7564,0,1.1432,0
6/16/16,-16.1,145.95,26.9786,0,0.947,0
6/17/16,-16.1,145.95,26.8651,0,0.7723,0
6/18/16,-16.1,145.95,26.7091,0,0.6136,0
6/19/16,-16.1,145.95,26.5898,0,0.4671,0
6/20/16,-16.1,145.95,26.5316,0,0.3081,0
6/21/16,-16.1,145.95,26.5341,0,0.1582,0
6/22/16,-16.1,145.95,26.5169,0,0,0
6/23/16,-16.1,145.95,26.629,0,0,0
6/24/16,-16.1,145.95,26.7551,0,0,0
6/25/16,-16.1,145.95,26.4647,0,0,0
6/26/16,-16.1,145.95,26.6318,0,0,0
6/27/16,-16.1,145.95,27.0877,0,0,0
6/28/16,-16.1,145.95,26.8733,0,0,0
6/29/16,-16.1,145.95,26.8309,0,0,0
6/30/16,-16.1,145.95,26.7624,0,0,0
7/1/16,-16.1,145.95,26.6281,0,0,0
7/2/16,-16.1,145.95,26.3709,0,0,0
7/3/16,-16.1,145.95,26.1556,0,0,0
7/4/16,-16.1,145.95,26.382,0,0,0
7/5/16,-16.1,145.95,26.4022,0,0,0
7/6/16,-16.1,145.95,26.4259,0,0,0
7/7/16,-16.1,145.95,26.3411,0,0,0
7/8/16,-16.1,145.95,26.3247,0,0,0
7/9/16,-16.1,145.95,26.3935,0,0,0
7/10/16,-16.1,145.95,26.2909,0,0,0
7/11/16,-16.1,145.95,26.2766,0,0,0
7/12/16,-16.1,145.95,26.3364,0,0,0
7/13/16,-16.1,145.95,26.2739,0,0,0
7/14/16,-16.1,145.95,26.0731,0,0,0
7/15/16,-16.1,145.95,25.8946,0,0,0
7/16/16,-16.1,145.95,25.7735,0,0,0
7/17/16,-16.1,145.95,25.8404,0,0,0
7/18/16,-16.1,145.95,26.0635,0,0,0
7/19/16,-16.1,145.95,26.3006,0,0,0
7/20/16,-16.1,145.95,26.3692,0,0,0
7/21/16,-16.1,145.95,26.3916,0,0,0
7/22/16,-16.1,145.95,26.3217,0,0,0
7/23/16,-16.1,145.95,26.4734,0,0,0
7/24/16,-16.1,145.95,26.5329,0,0,0
7/25/16,-16.1,145.95,26.4531,0,0,0
7/26/16,-16.1,145.95,26.3856,0,0,0
7/27/16,-16.1,145.95,26.3319,0,0,0
7/28/16,-16.1,145.95,26.0427,0,0,0
7/29/16,-16.1,145.95,25.9292,0,0,0
7/30/16,-16.1,145.95,25.8188,0,0,0
7/31/16,-16.1,145.95,25.7508,0,0,0
8/1/16,-16.1,145.95,25.8254,0,0,0
8/2/16,-16.1,145.95,26.0332,0,0,0
8/3/16,-16.1,145.95,26.0243,0,0,0
8/4/16,-16.1,145.95,25.7349,0,0,0
8/5/16,-16.1,145.95,25.5008,0,0,0
8/6/16,-16.1,145.95,25.4529,0,0,0
8/7/16,-16.1,145.95,25.1638,0,0,0
8/8/16,-16.1,145.95,25.1276,0,0,0
8/9/16,-16.1,145.95,25.309,0,0,0
8/10/16,-16.1,145.95,25.4557,0,0,0
8/11/16,-16.1,145.95,25.4213,0,0,0
8/12/16,-16.1,145.95,25.3857,0,0,0
8/13/16,-16.1,145.95,25.206,0,0,0
8/14/16,-16.1,145.95,25.1523,0,0,0
8/15/16,-16.1,145.95,25.035,0,0,0
8/16/16,-16.1,145.95,24.9805,0,0,0
8/17/16,-16.1,145.95,25.0943,0,0,0
8/18/16,-16.1,145.95,25.1671,0,0,0
8/19/16,-16.1,145.95,25.0871,0,0,0
8/20/16,-16.1,145.95,25.3349,0,0,0
8/21/16,-16.1,145.95,25.3898,0,0,0
8/22/16,-16.1,145.95,25.4707,0,0,0
8/23/16,-16.1,145.95,25.7303,0,0,0
8/24/16,-16.1,145.95,26.0092,0,0,0
8/25/16,-16.1,145.95,25.5887,0,0,0
8/26/16,-16.1,145.95,25.7245,0,0,0
8/27/16,-16.1,145.95,25.7432,0,0,0
8/28/16,-16.1,145.95,25.7362,0,0,0
8/29/16,-16.1,145.95,25.6524,0,0,0
8/30/16,-16.1,145.95,25.7955,0,0,0
8/31/16,-16.1,145.95,25.6763,0,0,0
9/1/16,-16.1,145.95,25.7517,0,0,0
9/2/16,-16.1,145.95,25.9849,0,0,0
9/3/16,-16.1,145.95,25.9925,0,0,0
9/4/16,-16.1,145.95,25.7885,0,0,0
9/5/16,-16.1,145.95,25.4864,0,0,0
9/6/16,-16.1,145.95,25.5285,0,0,0
9/7/16,-16.1,145.95,25.6517,0,0,0
9/8/16,-16.1,145.95,25.5366,0,0,0
9/9/16,-16.1,145.95,25.6346,0,0,0
9/10/16,-16.1,145.95,25.797,0,0,0
9/11/16,-16.1,145.95,25.9145,0,0,0
9/12/16,-16.1,145.95,25.9533,0,0,0
9/13/16,-16.1,145.95,25.9788,0,0,0
9/14/16,-16.1,145.95,25.8392,0,0,0
9/15/16,-16.1,145.95,26.1259,0,0,0
9/16/16,-16.1,145.95,26.2049,0,0,0
9/17/16,-16.1,145.95,26.3169,0,0,0
9/18/16,-16.1,145.95,26.3828,0,0,0
9/19/16,-16.1,145.95,26.2854,0,0,0
9/20/16,-16.1,145.95,26.3218,0,0,0
9/21/16,-16.1,145.95,26.512,0,0,0
9/22/16,-16.1,145.95,26.4792,0,0,0
9/23/16,-16.1,145.95,26.4251,0,0,0
9/24/16,-16.1,145.95,26.7178,0,0,0
9/25/16,-16.1,145.95,27.1054,0,0,0
9/26/16,-16.1,145.95,27.3909,0,0,0
9/27/16,-16.1,145.95,27.1261,0,0,0
9/28/16,-16.1,145.95,26.94,0,0,0
9/29/16,-16.1,145.95,26.8003,0,0,0
9/30/16,-16.1,145.95,27.0399,0,0,0
10/1/16,-16.1,145.95,27.1152,0,0,0
10/2/16,-16.1,145.95,27.3523,0,0,0
10/3/16,-16.1,145.95,27.36,0,0,0
10/4/16,-16.1,145.95,27.2829,0,0,0
10/5/16,-16.1,145.95,27.125,0,0,0
10/6/16,-16.1,145.95,26.9708,0,0,0
10/7/16,-16.1,145.95,26.7887,0,0,0
10/8/16,-16.1,145.95,26.6775,0,0,0
10/9/16,-16.1,145.95,26.7697,0,0,0
10/10/16,-16.1,145.95,26.7679,0,0,0
10/11/16,-16.1,145.95,26.7335,0,0,0
10/12/16,-16.1,145.95,26.7754,0,0,0
10/13/16,-16.1,145.95,26.8181,0,0,0
10/14/16,-16.1,145.95,26.7845,0,0,0
10/15/16,-16.1,145.95,26.5551,0,0,0
10/16/16,-16.1,145.95,26.6942,0,0,0
10/17/16,-16.1,145.95,26.9519,0,0,0
10/18/16,-16.1,145.95,26.8528,0,0,0
10/19/16,-16.1,145.95,27.0454,0,0,0
10/20/16,-16.1,145.95,26.9802,0,0,0
10/21/16,-16.1,145.95,27.0801,0,0,0
10/22/16,-16.1,145.95,27.0794,0,0,0
10/23/16,-16.1,145.95,26.9092,0,0,0
10/24/16,-16.1,145.95,26.7406,0,0,0
10/25/16,-16.1,145.95,26.968,0,0,0
10/26/16,-16.1,145.95,26.9203,0,0,0
10/27/16,-16.1,145.95,26.8256,0,0,0
10/28/16,-16.1,145.95,27.0046,0,0,0
10/29/16,-16.1,145.95,27.1655,0,0,0
10/30/16,-16.1,145.95,27.3344,0,0,0
10/31/16,-16.1,145.95,27.5484,0,0,0
11/1/16,-16.1,145.95,27.4906,0,0,0
11/2/16,-16.1,145.95,27.5098,0,0,0
11/3/16,-16.1,145.95,27.6241,0,0,0
11/4/16,-16.1,145.95,27.6402,0,0,0
11/5/16,-16.1,145.95,27.5868,0,0,0
11/6/16,-16.1,145.95,27.9722,0,0,0
11/7/16,-16.1,145.95,28.0687,0,0,0
11/8/16,-16.1,145.95,28.1139,0,0,0
11/9/16,-16.1,145.95,28.3454,0,0,0
11/10/16,-16.1,145.95,28.2759,0,0,0
11/11/16,-16.1,145.95,28.5355,0,0,0
11/12/16,-16.1,145.95,28.6468,0,0,0
11/13/16,-16.1,145.95,28.6814,0,0,0
11/14/16,-16.1,145.95,28.4895,0,0,0
11/15/16,-16.1,145.95,28.423,0,0,0
11/16/16,-16.1,145.95,28.4154,0,0,0
11/17/16,-16.1,145.95,28.0927,0,0,0
11/18/16,-16.1,145.95,27.8376,0,0,0
11/19/16,-16.1,145.95,27.729,0,0,0
11/20/16,-16.1,145.95,27.7141,0,0,0
11/21/16,-16.1,145.95,27.7,0,0,0
11/22/16,-16.1,145.95,27.6412,0,0,0
11/23/16,-16.1,145.95,27.4268,0,0,0
11/24/16,-16.1,145.95,27.9301,0,0,0
11/25/16,-16.1,145.95,28.1891,0,0,0
11/26/16,-16.1,145.95,27.9398,0,0,0
11/27/16,-16.1,145.95,27.8163,0,0,0
11/28/16,-16.1,145.95,27.7781,0,0,0
11/29/16,-16.1,145.95,27.9907,0,0,0
11/30/16,-16.1,145.95,28.22,0,0,0
12/1/16,-16.1,145.95,28.6586,0,0,0
12/2/16,-16.1,145.95,28.6914,0,0,0
12/3/16,-16.1,145.95,28.6637,0,0,0
12/4/16,-16.1,145.95,28.6632,0,0,0
12/5/16,-16.1,145.95,28.452,0,0,0
12/6/16,-16.1,145.95,28.5965,0,0,0
12/7/16,-16.1,145.95,28.396,0,0,0
12/8/16,-16.1,145.95,28.5078,0,0,0
12/9/16,-16.1,145.95,28.6502,0,0,0
12/10/16,-16.1,145.95,28.5898,0,0,0
12/11/16,-16.1,145.95,28.6898,0,0,0
12/12/16,-16.1,145.95,28.5635,0,0,0
12/13/16,-16.1,145.95,28.5047,0,0,0
12/14/16,-16.1,145.95,28.5043,0,0,0
12/15/16,-16.1,145.95,28.6949,0,0,0
12/16/16,-16.1,145.95,28.4817,0,0,0
12/17/16,-16.1,145.95,28.7868,0,0,0
12/18/16,-16.1,145.95,28.9428,0.2163,0,1
12/19/16,-16.1,145.95,29.0179,0.3092,0,1
12/20/16,-16.1,145.95,29.0024,0.2277,0,1
12/21/16,-16.1,145.95,29.1273,0.3335,0,1
12/22/16,-16.1,145.95,29.1503,0.306,0,1
12/23/16,-16.1,145.95,28.9329,0.2471,0,1
12/24/16,-16.1,145.95,28.9045,0.1644,0,1
12/25/16,-16.1,145.95,28.8756,0.1118,0,1
12/26/16,-16.1,145.95,28.9902,0.1978,0,1
12/27/16,-16.1,145.95,28.8045,0.063,0,1
12/28/16,-16.1,145.95,29.0778,0.2978,0,1
12/29/16,-16.1,145.95,28.9931,0.2666,0,1
12/30/16,-16.1,145.95,29.3518,0.5347,0,1
12/31/16,-16.1,145.95,29.5661,0.6859,0,1
1/1/17,-16.1,145.95,29.2002,0.4645,0,1
1/2/17,-16.1,145.95,29.2374,0.5195,0,1
1/3/17,-16.1,145.95,29.2749,0.6068,0,1
1/4/17,-16.1,145.95,29.2969,0.724,0,1
1/5/17,-16.1,145.95,29.5659,0.8817,0,1
1/6/17,-16.1,145.95,29.4818,0.8245,0,1
1/7/17,-16.1,145.95,29.8048,1.0932,0.1562,2
1/8/17,-16.1,145.95,29.6412,0.9699,0.1562,2
1/9/17,-16.1,145.95,29.5864,0.7883,0.1562,2
1/10/17,-16.1,145.95,29.2019,0.5438,0.1562,2
1/11/17,-16.1,145.95,29.1806,0.5129,0.1562,2
1/12/17,-16.1,145.95,29.4766,0.854,0.1562,2
1/13/17,-16.1,145.95,30.0935,1.1832,0.3252,2
1/14/17,-16.1,145.95,29.879,1.0691,0.4779,2
1/15/17,-16.1,145.95,29.6108,0.7609,0.4779,2
1/16/17,-16.1,145.95,29.8353,1.1005,0.6351,2
1/17/17,-16.1,145.95,30.1258,1.3013,0.821,2
1/18/17,-16.1,145.95,29.8806,1.1211,0.9812,2
1/19/17,-16.1,145.95,29.8819,1.1999,1.1526,2
1/20/17,-16.1,145.95,30.1989,1.4044,1.3532,2
1/21/17,-16.1,145.95,30.5315,1.7555,1.604,2
1/22/17,-16.1,145.95,30.7165,1.8367,1.8664,2
1/23/17,-16.1,145.95,30.6192,1.7892,2.122,2
1/24/17,-16.1,145.95,30.56,1.7189,2.3676,2
1/25/17,-16.1,145.95,30.4311,1.7289,2.6146,2
1/26/17,-16.1,145.95,30.4934,1.5847,2.8409,2
1/27/17,-16.1,145.95,30.2949,1.5354,3.0603,2
1/28/17,-16.1,145.95,30.3422,1.5826,3.2864,2
1/29/17,-16.1,145.95,30.3015,1.5726,3.511,2
1/30/17,-16.1,145.95,30.2586,1.5179,3.7279,2
1/31/17,-16.1,145.95,30.0749,1.2945,3.9128,2
2/1/17,-16.1,145.95,30.2778,1.3793,4.1098,3
2/2/17,-16.1,145.95,30.066,1.236,4.2864,3
2/3/17,-16.1,145.95,29.795,1.2022,4.4582,3
2/4/17,-16.1,145.95,30.133,1.2354,4.6347,3
2/5/17,-16.1,145.95,29.8076,0.9241,4.6347,3
2/6/17,-16.1,145.95,29.5511,0.9778,4.6347,3
2/7/17,-16.1,145.95,29.7919,1.0035,4.778,3
2/8/17,-16.1,145.95,29.7848,1.0133,4.9228,3
2/9/17,-16.1,145.95,29.7203,0.9434,4.9228,3
2/10/17,-16.1,145.95,29.5004,0.9243,4.9228,3
2/11/17,-16.1,145.95,29.5511,0.9385,4.9228,3
2/12/17,-16.1,145.95,29.9213,1.1236,5.0833,3
2/13/17,-16.1,145.95,30.4116,1.612,5.3136,3
2/14/17,-16.1,145.95,30.4329,1.6727,5.5525,3
2/15/17,-16.1,145.95,29.848,1.2178,5.7265,3
2/16/17,-16.1,145.95,29.786,1.0775,5.8804,3
2/17/17,-16.1,145.95,30.0032,1.0927,6.0365,3
2/18/17,-16.1,145.95,30.0627,1.2929,6.2212,3
2/19/17,-16.1,145.95,30.1628,1.4359,6.4263,3
2/20/17,-16.1,145.95,30.0933,1.3613,6.6208,3
2/21/17,-16.1,145.95,30.0604,1.315,6.8087,3
2/22/17,-16.1,145.95,29.979,1.4114,7.0103,3
2/23/17,-16.1,145.95,29.9428,1.3405,7.2018,3
2/24/17,-16.1,145.95,29.9285,1.3262,7.3913,3
2/25/17,-16.1,145.95,29.9049,1.3527,7.5845,3
2/26/17,-16.1,145.95,30.0836,1.3612,7.779,3
2/27/17,-16.1,145.95,29.5666,0.9794,7.779,3
2/28/17,-16.1,145.95,29.5068,0.9053,7.779,3
3/1/17,-16.1,145.95,29.3288,0.7093,7.779,3
3/2/17,-16.1,145.95,29.477,0.927,7.779,3
3/3/17,-16.1,145.95,29.6744,0.863,7.779,3
3/4/17,-16.1,145.95,29.1611,0.5509,7.779,3
3/5/17,-16.1,145.95,29.5251,0.8888,7.779,1
3/6/17,-16.1,145.95,29.8968,1.2692,7.9603,3
3/7/17,-16.1,145.95,30.1169,1.4715,8.1705,4
3/8/17,-16.1,145.95,30.0453,1.4155,8.3727,4
3/9/17,-16.1,145.95,30.2101,1.6233,8.6046,4
3/10/17,-16.1,145.95,29.9147,1.3298,8.7946,4
3/11/17,-16.1,145.95,29.9049,1.2721,8.9763,4
3/12/17,-16.1,145.95,30.1518,1.5526,9.1981,4
3/13/17,-16.1,145.95,29.9102,1.2574,9.3777,4
3/14/17,-16.1,145.95,29.8975,1.2873,9.5616,4
3/15/17,-16.1,145.95,30.0574,1.2594,9.7416,4
3/16/17,-16.1,145.95,30.0597,1.3827,9.9391,4
3/17/17,-16.1,145.95,30.194,1.5749,10.1641,4
3/18/17,-16.1,145.95,30.4277,1.7771,10.4179,4
3/19/17,-16.1,145.95,30.3456,1.6965,10.6603,4
3/20/17,-16.1,145.95,30.1358,1.385,10.8582,4
3/21/17,-16.1,145.95,30.2464,1.6164,11.0891,4
3/22/17,-16.1,145.95,30.6512,2.0009,11.3749,4
3/23/17,-16.1,145.95,30.6084,1.8004,11.6321,4
3/24/17,-16.1,145.95,30.1944,1.4703,11.8422,4
3/25/17,-16.1,145.95,30.1708,1.469,12.052,4
3/26/17,-16.1,145.95,30.3872,1.6052,12.2813,4
3/27/17,-16.1,145.95,30.4326,1.7433,12.5304,4
3/28/17,-16.1,145.95,30.1033,1.3403,12.7218,4
3/29/17,-16.1,145.95,30.2148,1.4035,12.9223,4
3/30/17,-16.1,145.95,30.3921,1.579,13.1479,4
3/31/17,-16.1,145.95,30.1955,1.6188,13.3792,4
4/1/17,-16.1,145.95,29.926,1.3834,13.4206,4
4/2/17,-16.1,145.95,29.7549,1.2123,13.5938,4
4/3/17,-16.1,145.95,29.5669,0.8926,13.5938,4
4/4/17,-16.1,145.95,29.3593,0.7382,13.5938,4
4/5/17,-16.1,145.95,29.3322,0.6891,13.5938,4
4/6/17,-16.1,145.95,29.135,0.5669,13.5938,4
4/7/17,-16.1,145.95,29.0601,0.4755,13.4248,4
4/8/17,-16.1,145.95,29.0218,0.3917,13.2721,4
4/9/17,-16.1,145.95,28.8887,0.2754,13.2721,1
4/10/17,-16.1,145.95,28.7679,0.2235,13.1149,1
4/11/17,-16.1,145.95,28.6518,0.1074,12.929,1
4/12/17,-16.1,145.95,28.594,0,12.7688,1
4/13/17,-16.1,145.95,28.4613,0,12.5974,1
4/14/17,-16.1,145.95,28.4639,0,12.3968,1
4/15/17,-16.1,145.95,28.4108,0,12.146,1
4/16/17,-16.1,145.95,28.2902,0,11.8836,1
4/17/17,-16.1,145.95,28.1608,0,11.628,1
4/18/17,-16.1,145.95,27.9942,0,11.3824,0
4/19/17,-16.1,145.95,27.9103,0,11.1354,0
4/20/17,-16.1,145.95,27.7771,0,10.9091,0
4/21/17,-16.1,145.95,27.5802,0,10.6897,0
4/22/17,-16.1,145.95,27.6077,0,10.4636,0
4/23/17,-16.1,145.95,27.655,0,10.239,0
4/24/17,-16.1,145.95,27.4829,0,10.0221,0
4/25/17,-16.1,145.95,27.4397,0,9.8372,0
4/26/17,-16.1,145.95,27.6132,0,9.6401,0
4/27/17,-16.1,145.95,27.8139,0,9.4636,0
4/28/17,-16.1,145.95,27.4936,0,9.2918,0
4/29/17,-16.1,145.95,27.4472,0,9.1153,0
4/30/17,-16.1,145.95,27.2277,0,9.1153,0
5/1/17,-16.1,145.95,27.3237,0,9.1153,0
5/2/17,-16.1,145.95,27.2819,0,8.972,0
5/3/17,-16.1,145.95,27.2883,0,8.8272,0
5/4/17,-16.1,145.95,27.0676,0,8.8272,0
5/5/17,-16.1,145.95,27.0527,0,8.8272,0
5/6/17,-16.1,145.95,26.9284,0,8.8272,0
5/7/17,-16.1,145.95,26.8344,0,8.6667,0
5/8/17,-16.1,145.95,26.6913,0,8.4364,0
5/9/17,-16.1,145.95,26.7978,0,8.1975,0
5/10/17,-16.1,145.95,26.805,0,8.0235,0
5/11/17,-16.1,145.95,26.7189,0,7.8696,0
5/12/17,-16.1,145.95,26.6646,0,7.7135,0
5/13/17,-16.1,145.95,26.5326,0,7.5288,0
5/14/17,-16.1,145.95,26.559,0,7.3237,0
5/15/17,-16.1,145.95,26.4674,0,7.1292,0
5/16/17,-16.1,145.95,26.3858,0,6.9413,0
5/17/17,-16.1,145.95,26.3027,0,6.7397,0
5/18/17,-16.1,145.95,26.6318,0,6.5482,0
5/19/17,-16.1,145.95,26.4711,0,6.3587,0
5/20/17,-16.1,145.95,26.4758,0,6.1655,0
5/21/17,-16.1,145.95,26.581,0,5.971,0
5/22/17,-16.1,145.95,26.4785,0,5.971,0
5/23/17,-16.1,145.95,26.4002,0,5.971,0
5/24/17,-16.1,145.95,26.5317,0,5.971,0
5/25/17,-16.1,145.95,26.5669,0,5.971,0
5/26/17,-16.1,145.95,26.6204,0,5.971,0
5/27/17,-16.1,145.95,26.6148,0,5.971,0
5/28/17,-16.1,145.95,26.4106,0,5.971,0
5/29/17,-16.1,145.95,26.2776,0,5.7897,0
5/30/17,-16.1,145.95,26.146,0,5.5795,0
5/31/17,-16.1,145.95,26.0952,0,5.3773,0
6/1/17,-16.1,145.95,26.0336,0,5.1454,0
6/2/17,-16.1,145.95,26.1381,0,4.9554,0
6/3/17,-16.1,145.95,26.2042,0,4.7737,0
6/4/17,-16.1,145.95,25.9553,0,4.5519,0
6/5/17,-16.1,145.95,26.0505,0,4.3723,0
6/6/17,-16.1,145.95,26.015,0,4.1883,0
6/7/17,-16.1,145.95,25.7168,0,4.0084,0
6/8/17,-16.1,145.95,25.6615,0,3.8109,0
6/9/17,-16.1,145.95,25.6317,0,3.5859,0
6/10/17,-16.1,145.95,25.2294,0,3.332,0
6/11/17,-16.1,145.95,25.2515,0,3.0897,0
6/12/17,-16.1,145.95,25.4232,0,2.8918,0
6/13/17,-16.1,145.95,25.3048,0,2.6609,0
6/14/17,-16.1,145.95,24.9148,0,2.3751,0
6/15/17,-16.1,145.95,24.9359,0,2.1179,0
6/16/17,-16.1,145.95,25.0088,0,1.9078,0
6/17/17,-16.1,145.95,25.0468,0,1.698,0
6/18/17,-16.1,145.95,25.1718,0,1.4687,0
6/19/17,-16.1,145.95,24.9547,0,1.2196,0
6/20/17,-16.1,145.95,24.8177,0,1.0281,0
6/21/17,-16.1,145.95,24.9528,0,0.8276,0
6/22/17,-16.1,145.95,24.9994,0,0.6021,0
6/23/17,-16.1,145.95,25.0067,0,0.3708,0
6/24/17,-16.1,145.95,24.9873,0,0.1732,0
6/25/17,-16.1,145.95,24.9191,0,0,0
6/26/17,-16.1,145.95,24.91,0,0,0
6/27/17,-16.1,145.95,24.8154,0,0,0
6/28/17,-16.1,145.95,24.7917,0,0,0
6/29/17,-16.1,145.95,24.7112,0,0,0
6/30/17,-16.1,145.95,24.7955,0,0,0
7/1/17,-16.1,145.95,24.7463,0,0,0
7/2/17,-16.1,145.95,24.7867,0,0,0
7/3/17,-16.1,145.95,24.9174,0,0,0
7/4/17,-16.1,145.95,25.0535,0,0,0
7/5/17,-16.1,145.95,25.0267,0,0,0
7/6/17,-16.1,145.95,25.0449,0,0,0
7/7/17,-16.1,145.95,25.1044,0,0,0
7/8/17,-16.1,145.95,25.1572,0,0,0
7/9/17,-16.1,145.95,25.0118,0,0,0
7/10/17,-16.1,145.95,25.2098,0,0,0
7/11/17,-16.1,145.95,25.3187,0,0,0
7/12/17,-16.1,145.95,25.2193,0,0,0
7/13/17,-16.1,145.95,25.3539,0,0,0
7/14/17,-16.1,145.95,25.2844,0,0,0
7/15/17,-16.1,145.95,25.1479,0,0,0
7/16/17,-16.1,145.95,25.1103,0,0,0
7/17/17,-16.1,145.95,24.856,0,0,0
7/18/17,-16.1,145.95,24.9759,0,0,0
7/19/17,-16.1,145.95,25.4848,0,0,0
7/20/17,-16.1,145.95,25.2438,0,0,0
7/21/17,-16.1,145.95,25.2194,0,0,0
7/22/17,-16.1,145.95,25.2959,0,0,0
7/23/17,-16.1,145.95,25.1584,0,0,0
7/24/17,-16.1,145.95,25.4818,0,0,0
7/25/17,-16.1,145.95,25.2962,0,0,0
7/26/17,-16.1,145.95,25.3416,0,0,0
7/27/17,-16.1,145.95,25.3474,0,0,0
7/28/17,-16.1,145.95,25.3124,0,0,0
7/29/17,-16.1,145.95,25.3516,0,0,0
7/30/17,-16.1,145.95,25.417,0,0,0
7/31/17,-16.1,145.95,25.3606,0,0,0
8/1/17,-16.1,145.95,25.4113,0,0,0
8/2/17,-16.1,145.95,25.2019,0,0,0
8/3/17,-16.1,145.95,25.2965,0,0,0
8/4/17,-16.1,145.95,25.1275,0,0,0
8/5/17,-16.1,145.95,25.2374,0,0,0
8/6/17,-16.1,145.95,25.3186,0,0,0
8/7/17,-16.1,145.95,25.5429,0,0,0
8/8/17,-16.1,145.95,25.6688,0,0,0
8/9/17,-16.1,145.95,25.6486,0,0,0
8/10/17,-16.1,145.95,25.6009,0,0,0
8/11/17,-16.1,145.95,25.4966,0,0,0
8/12/17,-16.1,145.95,25.4962,0,0,0
8/13/17,-16.1,145.95,25.4317,0,0,0
8/14/17,-16.1,145.95,25.4526,0,0,0
8/15/17,-16.1,145.95,25.3886,0,0,0
8/16/17,-16.1,145.95,25.4918,0,0,0
8/17/17,-16.1,145.95,25.4188,0,0,0
8/18/17,-16.1,145.95,25.4523,0,0,0
8/19/17,-16.1,145.95,25.3266,0,0,0
8/20/17,-16.1,145.95,25.2815,0,0,0
8/21/17,-16.1,145.95,25.2808,0,0,0
8/22/17,-16.1,145.95,25.2318,0,0,0
8/23/17,-16.1,145.95,25.1914,0,0,0
8/24/17,-16.1,145.95,25.204,0,0,0
8/25/17,-16.1,145.95,25.1379,0,0,0
8/26/17,-16.1,145.95,25.0783,0,0,0
8/27/17,-16.1,145.95,25.2834,0,0,0
8/28/17,-16.1,145.95,25.2616,0,0,0
8/29/17,-16.1,145.95,25.3011,0,0,0
8/30/17,-16.1,145.95,25.2642,0,0,0
8/31/17,-16.1,145.95,25.286,0,0,0
9/1/17,-16.1,145.95,25.0729,0,0,0
9/2/17,-16.1,145.95,25.0921,0,0,0
9/3/17,-16.1,145.95,25.1794,0,0,0
9/4/17,-16.1,145.95,25.1538,0,0,0
9/5/17,-16.1,145.95,25.0496,0,0,0
9/6/17,-16.1,145.95,25.1706,0,0,0
9/7/17,-16.1,145.95,25.0434,0,0,0
9/8/17,-16.1,145.95,25.1863,0,0,0
9/9/17,-16.1,145.95,25.1486,0,0,0
9/10/17,-16.1,145.95,25.1517,0,0,0
9/11/17,-16.1,145.95,24.9108,0,0,0
9/12/17,-16.1,145.95,25.0059,0,0,0
9/13/17,-16.1,145.95,25.1153,0,0,0
9/14/17,-16.1,145.95,24.9002,0,0,0
9/15/17,-16.1,145.95,24.9775,0,0,0
9/16/17,-16.1,145.95,24.9762,0,0,0
9/17/17,-16.1,145.95,25.0247,0,0,0
9/18/17,-16.1,145.95,24.8993,0,0,0
9/19/17,-16.1,145.95,24.8873,0,0,0
9/20/17,-16.1,145.95,24.8332,0,0,0
9/21/17,-16.1,145.95,24.9548,0,0,0
9/22/17,-16.1,145.95,25.097,0,0,0
9/23/17,-16.1,145.95,25.1304,0,0,0
9/24/17,-16.1,145.95,25.1656,0,0,0
9/25/17,-16.1,145.95,25.2247,0,0,0
9/26/17,-16.1,145.95,25.1924,0,0,0
9/27/17,-16.1,145.95,25.6307,0,0,0
9/28/17,-16.1,145.95,25.6383,0,0,0
9/29/17,-16.1,145.95,25.4993,0,0,0
9/30/17,-16.1,145.95,25.5826,0,0,0
10/1/17,-16.1,145.95,25.9574,0,0,0
10/2/17,-16.1,145.95,26.0034,0,0,0
10/3/17,-16.1,145.95,25.9012,0,0,0
10/4/17,-16.1,145.95,25.7734,0,0,0
10/5/17,-16.1,145.95,26.0167,0,0,0
10/6/17,-16.1,145.95,26.0788,0,0,0
10/7/17,-16.1,145.95,26.0547,0,0,0
10/8/17,-16.1,145.95,26.4844,0,0,0
10/9/17,-16.1,145.95,26.3844,0,0,0
10/10/17,-16.1,145.95,26.4442,0,0,0
10/11/17,-16.1,145.95,26.3626,0,0,0
10/12/17,-16.1,145.95,26.6407,0,0,0
10/13/17,-16.1,145.95,26.6221,0,0,0
10/14/17,-16.1,145.95,26.5873,0,0,0
10/15/17,-16.1,145.95,26.425,0,0,0
10/16/17,-16.1,145.95,26.3681,0,0,0
10/17/17,-16.1,145.95,26.3523,0,0,0
10/18/17,-16.1,145.95,26.4388,0,0,0
10/19/17,-16.1,145.95,25.9983,0,0,0
10/20/17,-16.1,145.95,26.0494,0,0,0
10/21/17,-16.1,145.95,26.1163,0,0,0
10/22/17,-16.1,145.95,26.5039,0,0,0
10/23/17,-16.1,145.95,26.3318,0,0,0
10/24/17,-16.1,145.95,26.5899,0,0,0
10/25/17,-16.1,145.95,26.641,0,0,0
10/26/17,-16.1,145.95,26.707,0,0,0
10/27/17,-16.1,145.95,26.8877,0,0,0
10/28/17,-16.1,145.95,26.9394,0,0,0
10/29/17,-16.1,145.95,27.2951,0,0,0
10/30/17,-16.1,145.95,27.5553,0,0,0
10/31/17,-16.1,145.95,27.7175,0,0,0
11/1/17,-16.1,145.95,27.5855,0,0,0
11/2/17,-16.1,145.95,27.6445,0,0,0
11/3/17,-16.1,145.95,27.5614,0,0,0
11/4/17,-16.1,145.95,27.4255,0,0,0
11/5/17,-16.1,145.95,27.6945,0,0,0
11/6/17,-16.1,145.95,27.6199,0,0,0
11/7/17,-16.1,145.95,27.3861,0,0,0
11/8/17,-16.1,145.95,27.2854,0,0,0
11/9/17,-16.1,145.95,27.401,0,0,0
11/10/17,-16.1,145.95,27.3686,0,0,0
11/11/17,-16.1,145.95,27.4494,0,0,0
11/12/17,-16.1,145.95,27.5415,0,0,0
11/13/17,-16.1,145.95,27.3625,0,0,0
11/14/17,-16.1,145.95,27.284,0,0,0
11/15/17,-16.1,145.95,27.284,0,0,0
11/16/17,-16.1,145.95,27.3428,0,0,0
11/17/17,-16.1,145.95,27.2206,0,0,0
11/18/17,-16.1,145.95,27.2946,0,0,0
11/19/17,-16.1,145.95,27.298,0,0,0
11/20/17,-16.1,145.95,27.3214,0,0,0
11/21/17,-16.1,145.95,27.2907,0,0,0
11/22/17,-16.1,145.95,27.3065,0,0,0
11/23/17,-16.1,145.95,27.3567,0,0,0
11/24/17,-16.1,145.95,27.4076,0,0,0
11/25/17,-16.1,145.95,27.6457,0,0,0
11/26/17,-16.1,145.95,27.5473,0,0,0
11/27/17,-16.1,145.95,27.7194,0,0,0
11/28/17,-16.1,145.95,27.8615,0,0,0
11/29/17,-16.1,145.95,27.8864,0,0,0
11/30/17,-16.1,145.95,27.7932,0,0,0
12/1/17,-16.1,145.95,28.0199,0,0,0
12/2/17,-16.1,145.95,28.0123,0,0,0
12/3/17,-16.1,145.95,28.1327,0,0,0
12/4/17,-16.1,145.95,28.2979,0,0,0
12/5/17,-16.1,145.95,28.671,0.0765,0,1
12/6/17,-16.1,145.95,29.1281,0.2001,0,1
12/7/17,-16.1,145.95,28.9405,0.2847,0,1
12/8/17,-16.1,145.95,28.892,0.2466,0,1
12/9/17,-16.1,145.95,29.2307,0.3603,0,1
12/10/17,-16.1,145.95,29.3068,0.4035,0,1
12/11/17,-16.1,145.95,28.8695,0.2749,0,1
12/12/17,-16.1,145.95,29.0596,0.1527,0,1
12/13/17,-16.1,145.95,28.9619,0.1176,0,1
12/14/17,-16.1,145.95,28.8882,0,0,1
12/15/17,-16.1,145.95,28.4987,0,0,1
12/16/17,-16.1,145.95,28.6247,0,0,1
12/17/17,-16.1,145.95,28.7127,0,0,1
12/18/17,-16.1,145.95,28.8772,0.0181,0,1
12/19/17,-16.1,145.95,28.7369,0.0038,0,1
12/20/17,-16.1,145.95,28.6509,0,0,1
12/21/17,-16.1,145.95,28.7613,0,0,1
12/22/17,-16.1,145.95,28.6103,0.0218,0,1
12/23/17,-16.1,145.95,28.9509,0.0553,0,1
12/24/17,-16.1,145.95,28.8877,0.1714,0,1
12/25/17,-16.1,145.95,28.8769,0.2655,0,1
12/26/17,-16.1,145.95,29.0559,0.2642,0,1
12/27/17,-16.1,145.95,29.1251,0.3368,0,1
12/28/17,-16.1,145.95,29.0401,0.2589,0,1
12/29/17,-16.1,145.95,29.0655,0.2862,0,1
12/30/17,-16.1,145.95,29.081,0.3311,0,1
12/31/17,-16.1,145.95,29.3142,0.5535,0,1
1/1/18,-16.1,145.95,29.6967,0.8831,0,1
1/2/18,-16.1,145.95,29.6484,0.8267,0,1
1/3/18,-16.1,145.95,29.1884,0.5443,0,1
1/4/18,-16.1,145.95,29.5442,0.6243,0,1
1/5/18,-16.1,145.95,29.3333,0.6966,0,1
1/6/18,-16.1,145.95,29.5237,0.6938,0,1
1/7/18,-16.1,145.95,29.5698,0.7824,0,1
1/8/18,-16.1,145.95,29.4437,0.6625,0,1
1/9/18,-16.1,145.95,29.4435,0.5163,0,1
1/10/18,-16.1,145.95,29.2174,0.5844,0,1
1/11/18,-16.1,145.95,29.1286,0.4679,0,1
1/12/18,-16.1,145.95,29.0351,0.4624,0,1
1/13/18,-16.1,145.95,29.19,0.5121,0,1
1/14/18,-16.1,145.95,29.2571,0.462,0,1
1/15/18,-16.1,145.95,29.0544,0.4564,0,1
1/16/18,-16.1,145.95,29.2326,0.5991,0,1
1/17/18,-16.1,145.95,29.5099,0.6265,0,1
1/18/18,-16.1,145.95,28.9918,0.3449,0,1
1/19/18,-16.1,145.95,28.7391,0.1979,0,1
1/20/18,-16.1,145.95,28.9951,0.3992,0,1
1/21/18,-16.1,145.95,28.7128,0.1486,0,1
1/22/18,-16.1,145.95,28.7163,0.1183,0,1
1/23/18,-16.1,145.95,28.8258,0.2601,0,1
1/24/18,-16.1,145.95,28.9332,0.2829,0,1
1/25/18,-16.1,145.95,28.8807,0.2861,0,1
1/26/18,-16.1,145.95,29.113,0.5419,0,1
1/27/18,-16.1,145.95,28.8434,0.2454,0,1
1/28/18,-16.1,145.95,29.0213,0.4003,0,1
1/29/18,-16.1,145.95,28.817,0.1919,0,1
1/30/18,-16.1,145.95,28.8176,0.2655,0,1
1/31/18,-16.1,145.95,28.713,0.1529,0,1
2/1/18,-16.1,145.95,29.0506,0.489,0,1
2/2/18,-16.1,145.95,29.551,0.6831,0,1
2/3/18,-16.1,145.95,29.6606,0.8847,0,1
2/4/18,-16.1,145.95,29.9867,1.1103,0.1586,2
2/5/18,-16.1,145.95,29.3791,0.8098,0.1586,2
2/6/18,-16.1,145.95,29.3478,0.7118,0.1586,2
2/7/18,-16.1,145.95,29.4526,0.7668,0.1586,2
2/8/18,-16.1,145.95,29.2565,0.6665,0.1586,2
2/9/18,-16.1,145.95,28.9632,0.3793,0.1586,2
2/10/18,-16.1,145.95,28.7449,0.2029,0.1586,2
2/11/18,-16.1,145.95,28.7434,0.0732,0.1586,1
2/12/18,-16.1,145.95,28.6053,0.0307,0.1586,1
2/13/18,-16.1,145.95,28.7927,0.1668,0.1586,1
2/14/18,-16.1,145.95,28.7223,0.1603,0.1586,1
2/15/18,-16.1,145.95,29.0922,0.3618,0.1586,1
2/16/18,-16.1,145.95,28.9518,0.3351,0.1586,1
2/17/18,-16.1,145.95,29.6294,0.8347,0.1586,1
2/18/18,-16.1,145.95,29.7352,1.0732,0.3119,2
2/19/18,-16.1,145.95,29.7112,0.8472,0.3119,2
2/20/18,-16.1,145.95,29.4774,0.8508,0.3119,2
2/21/18,-16.1,145.95,29.76,1.1592,0.4775,2
2/22/18,-16.1,145.95,29.7179,0.9491,0.4775,2
2/23/18,-16.1,145.95,29.6427,1.0811,0.632,2
2/24/18,-16.1,145.95,29.5464,0.9091,0.632,2
2/25/18,-16.1,145.95,29.5051,0.8327,0.632,2
2/26/18,-16.1,145.95,29.6127,0.9789,0.632,2
2/27/18,-16.1,145.95,29.1579,0.5963,0.632,2
2/28/18,-16.1,145.95,29.5085,0.9116,0.632,2
3/1/18,-16.1,145.95,29.4825,0.9077,0.632,2
3/2/18,-16.1,145.95,29.3588,0.658,0.632,1
3/3/18,-16.1,145.95,29.4178,0.8029,0.632,1
3/4/18,-16.1,145.95,29.1567,0.5709,0.632,1
3/5/18,-16.1,145.95,29.2564,0.6141,0.632,1
3/6/18,-16.1,145.95,29.2634,0.6155,0.632,1
3/7/18,-16.1,145.95,29.2982,0.7072,0.632,1
3/8/18,-16.1,145.95,29.4318,0.7805,0.632,1
3/9/18,-16.1,145.95,29.1369,0.5608,0.632,1
3/10/18,-16.1,145.95,29.3104,0.744,0.632,1
3/11/18,-16.1,145.95,29.2448,0.6634,0.632,1
3/12/18,-16.1,145.95,29.1704,0.5902,0.632,1
3/13/18,-16.1,145.95,28.9609,0.3946,0.632,1
3/14/18,-16.1,145.95,28.7044,0.1437,0.632,1
3/15/18,-16.1,145.95,28.9581,0.3233,0.632,1
3/16/18,-16.1,145.95,28.7075,0.0749,0.632,1
3/17/18,-16.1,145.95,28.6365,0.0191,0.632,1
3/18/18,-16.1,145.95,28.7639,0.1623,0.632,1
3/19/18,-16.1,145.95,28.7647,0.1803,0.632,1
3/20/18,-16.1,145.95,28.5572,0.0114,0.632,1
3/21/18,-16.1,145.95,28.7475,0.1223,0.632,1
3/22/18,-16.1,145.95,28.6292,0.0039,0.632,1
3/23/18,-16.1,145.95,28.6562,0.0746,0.632,1
3/24/18,-16.1,145.95,28.8479,0.2227,0.632,1
3/25/18,-16.1,145.95,28.886,0.3322,0.632,1
3/26/18,-16.1,145.95,28.6205,0.0727,0.632,1
3/27/18,-16.1,145.95,28.4368,0,0.632,1
3/28/18,-16.1,145.95,28.5524,0.0002,0.632,1
3/29/18,-16.1,145.95,28.6599,0.1123,0.632,1
3/30/18,-16.1,145.95,28.7356,0.0989,0.632,1
3/31/18,-16.1,145.95,28.8087,0.2577,0.632,1
4/1/18,-16.1,145.95,28.7746,0.1505,0.632,1
4/2/18,-16.1,145.95,28.9847,0.3403,0.632,1
4/3/18,-16.1,145.95,28.9946,0.3906,0.632,1
4/4/18,-16.1,145.95,28.7312,0.1149,0.632,1
4/5/18,-16.1,145.95,28.5729,0.0066,0.632,1
4/6/18,-16.1,145.95,28.4012,0,0.632,1
4/7/18,-16.1,145.95,28.3247,0,0.632,1
4/8/18,-16.1,145.95,28.3164,0,0.632,1
4/9/18,-16.1,145.95,28.2912,0,0.632,1
4/10/18,-16.1,145.95,28.3115,0,0.632,1
4/11/18,-16.1,145.95,28.1327,0,0.632,1
4/12/18,-16.1,145.95,27.9339,0,0.632,0
4/13/18,-16.1,145.95,27.8772,0,0.632,0
4/14/18,-16.1,145.95,27.8925,0,0.632,0
4/15/18,-16.1,145.95,27.9006,0,0.632,0
4/16/18,-16.1,145.95,27.8202,0,0.632,0
4/17/18,-16.1,145.95,27.5959,0,0.632,0
4/18/18,-16.1,145.95,27.6166,0,0.632,0
4/19/18,-16.1,145.95,27.6178,0,0.632,0
4/20/18,-16.1,145.95,27.7741,0,0.632,0
4/21/18,-16.1,145.95,27.5601,0,0.632,0
4/22/18,-16.1,145.95,27.6241,0,0.632,0
4/23/18,-16.1,145.95,27.5254,0,0.632,0
4/24/18,-16.1,145.95,27.4312,0,0.632,0
4/25/18,-16.1,145.95,27.5182,0,0.632,0
4/26/18,-16.1,145.95,27.4227,0,0.632,0
4/27/18,-16.1,145.95,27.3395,0,0.632,0
4/28/18,-16.1,145.95,27.182,0,0.632,0
4/29/18,-16.1,145.95,27.1302,0,0.4734,0
4/30/18,-16.1,145.95,27.0756,0,0.4734,0
5/1/18,-16.1,145.95,27.0467,0,0.4734,0
5/2/18,-16.1,145.95,26.893,0,0.4734,0
5/3/18,-16.1,145.95,26.793,0,0.4734,0
5/4/18,-16.1,145.95,26.7009,0,0.4734,0
5/5/18,-16.1,145.95,26.8454,0,0.4734,0
5/6/18,-16.1,145.95,26.7355,0,0.4734,0
5/7/18,-16.1,145.95,26.6103,0,0.4734,0
5/8/18,-16.1,145.95,26.6438,0,0.4734,0
5/9/18,-16.1,145.95,26.5994,0,0.4734,0
5/10/18,-16.1,145.95,26.5667,0,0.4734,0